title,price,meterage,district,floor,build_year,rooms,link
68متر *دوخوابه *پارکینگ آسانسور سند تکبرگ,7800000000,68.0,جنت‌آباد جنوبی,2.0,1399.0,2.0,https://divar.ir/v/68%D9%85%D8%AA%D8%B1-%D8%AF%D9%88%D8%AE%D9%88%D8%A7%D8%A8%D9%87-%D9%BE%D8%A7%D8%B1%DA%A9%DB%8C%D9%86%DA%AF-%D8%A2%D8%B3%D8%A7%D9%86%D8%B3%D9%88%D8%B1-%D8%B3%D9%86%D8%AF-%D8%AA%DA%A9%D8%A8%D8%B1%DA%AF/ga1F-bfZ?tracker_session_id=b7595e75-98b5-4efc-919d-5c7911fff515_ga1F-bfZ_P
آپارتمان ۶۱ متری غرق نور اتوبان آهنگ پارکینگ دار,7800000000,61.0,آهنگ,3.0,1378.0,1.0,https://divar.ir/v/%D8%A2%D9%BE%D8%A7%D8%B1%D8%AA%D9%85%D8%A7%D9%86-%DB%B6%DB%B1-%D9%85%D8%AA%D8%B1%DB%8C-%D8%BA%D8%B1%D9%82-%D9%86%D9%88%D8%B1-%D8%A7%D8%AA%D9%88%D8%A8%D8%A7%D9%86-%D8%A2%D9%87%D9%86%DA%AF-%D9%BE%D8%A7%D8%B1%DA%A9%DB%8C%D9%86%DA%AF-%D8%AF%D8%A7%D8%B1/gakZIkoy?tracker_session_id=b7595e75-98b5-4efc-919d-5c7911fff515_gakZIkoy_P
۹۱متر/فول امکانات+تراس/ساخت۹۷/رویان,20900000000,91.0,کرمان,4.0,1397.0,2.0,https://divar.ir/v/%DB%B9%DB%B1%D9%85%D8%AA%D8%B1-%D9%81%D9%88%D9%84-%D8%A7%D9%85%DA%A9%D8%A7%D9%86%D8%A7%D8%AA-%D8%AA%D8%B1%D8%A7%D8%B3-%D8%B3%D8%A7%D8%AE%D8%AA%DB%B9%DB%B7-%D8%B1%D9%88%DB%8C%D8%A7%D9%86/ga3xiY_v?tracker_session_id=b7595e75-98b5-4efc-919d-5c7911fff515_ga3xiY_v_N
۹۸متر/۲خواب/امیرآباد,27200000000,98.0,فاطمی,1.0,1401.0,2.0,https://divar.ir/v/%DB%B9%DB%B8%D9%85%D8%AA%D8%B1-%DB%B2%D8%AE%D9%88%D8%A7%D8%A8-%D8%A7%D9%85%DB%8C%D8%B1%D8%A2%D8%A8%D8%A7%D8%AF/gabVz9z9?tracker_session_id=b7595e75-98b5-4efc-919d-5c7911fff515_gabVz9z9_N
۶۰مترکمیل تک واحدی طبقه اول,5650000000,60.0,سلسبیل جنوبی,1.0,1380.0,1.0,https://divar.ir/v/%DB%B6%DB%B0%D9%85%D8%AA%D8%B1%DA%A9%D9%85%DB%8C%D9%84-%D8%AA%DA%A9-%D9%88%D8%A7%D8%AD%D8%AF%DB%8C-%D8%B7%D8%A8%D9%82%D9%87-%D8%A7%D9%88%D9%84/ga3xSPV4?tracker_session_id=b7595e75-98b5-4efc-919d-5c7911fff515_ga3xSPV4_N
قلب شهید عراقی* ۲۴۲متر، نیمه فرنیش/ لابی شیک/ 2p,153000000000,242.0,مهران (سیدخندان),3.0,1404.0,3.0,https://divar.ir/v/%D9%82%D9%84%D8%A8-%D8%B4%D9%87%DB%8C%D8%AF-%D8%B9%D8%B1%D8%A7%D9%82%DB%8C-%DB%B2%DB%B4%DB%B2%D9%85%D8%AA%D8%B1-%D9%86%DB%8C%D9%85%D9%87-%D9%81%D8%B1%D9%86%DB%8C%D8%B4-%D9%84%D8%A7%D8%A8%DB%8C-%D8%B4%DB%8C%DA%A9-2p/ga3tCrgF?tracker_session_id=b7595e75-98b5-4efc-919d-5c7911fff515_ga3tCrgF_N
۱۰۰متر،سرمایه گزاری،مشاعات آبی فعال,38500000000,100.0,سعادت‌آباد,1.0,1388.0,2.0,https://divar.ir/v/%DB%B1%DB%B0%DB%B0%D9%85%D8%AA%D8%B1-%D8%B3%D8%B1%D9%85%D8%A7%DB%8C%D9%87-%DA%AF%D8%B2%D8%A7%D8%B1%DB%8C-%D9%85%D8%B4%D8%A7%D8%B9%D8%A7%D8%AA-%D8%A2%D8%A8%DB%8C-%D9%81%D8%B9%D8%A7%D9%84/ga3tSBwd?tracker_session_id=b7595e75-98b5-4efc-919d-5c7911fff515_ga3tSBwd_N
110متر/شمال حبیب‌الله/سالن پرده خور,30500000000,110.0,دریان‌نو,5.0,1398.0,2.0,https://divar.ir/v/110%D9%85%D8%AA%D8%B1-%D8%B4%D9%85%D8%A7%D9%84-%D8%AD%D8%A8%DB%8C%D8%A8-%D8%A7%D9%84%D9%84%D9%87-%D8%B3%D8%A7%D9%84%D9%86-%D9%BE%D8%B1%D8%AF%D9%87-%D8%AE%D9%88%D8%B1/ga3xyMP6?tracker_session_id=b7595e75-98b5-4efc-919d-5c7911fff515_ga3xyMP6_N
۸۷متر/۲خواب/۸ساله/تاپ لوکیشن/فایل شخصی,25000000000,87.0,جنت‌آباد جنوبی,1.0,1398.0,2.0,https://divar.ir/v/%DB%B8%DB%B7%D9%85%D8%AA%D8%B1-%DB%B2%D8%AE%D9%88%D8%A7%D8%A8-%DB%B8%D8%B3%D8%A7%D9%84%D9%87-%D8%AA%D8%A7%D9%BE-%D9%84%D9%88%DA%A9%DB%8C%D8%B4%D9%86-%D9%81%D8%A7%DB%8C%D9%84-%D8%B4%D8%AE%D8%B5%DB%8C/ga2t96Rt?tracker_session_id=b7595e75-98b5-4efc-919d-5c7911fff515_ga2t96Rt_N
۵۵ متر نوساز منطقه ۱۱ تهران,6875000000,55.0,عباسی,1.0,1404.0,1.0,https://divar.ir/v/%DB%B5%DB%B5-%D9%85%D8%AA%D8%B1-%D9%86%D9%88%D8%B3%D8%A7%D8%B2-%D9%85%D9%86%D8%B7%D9%82%D9%87-%DB%B1%DB%B1-%D8%AA%D9%87%D8%B1%D8%A7%D9%86/ga3ti1j3?tracker_session_id=b7595e75-98b5-4efc-919d-5c7911fff515_ga3ti1j3_N
۲۱۵متر-۴خواب-کلیدنخورده-تراس بزرگ,84500000000,215.0,جردن,3.0,1404.0,4.0,https://divar.ir/v/%DB%B2%DB%B1%DB%B5%D9%85%D8%AA%D8%B1-%DB%B4%D8%AE%D9%88%D8%A7%D8%A8-%DA%A9%D9%84%DB%8C%D8%AF%D9%86%D8%AE%D9%88%D8%B1%D8%AF%D9%87-%D8%AA%D8%B1%D8%A7%D8%B3-%D8%A8%D8%B2%D8%B1%DA%AF/ga3xyMST?tracker_session_id=b7595e75-98b5-4efc-919d-5c7911fff515_ga3xyMST_N
۷۰متر ۲خواب ده ساله. فردوس غرب,19500000000,70.0,ارم,4.0,1393.0,2.0,https://divar.ir/v/%DB%B7%DB%B0%D9%85%D8%AA%D8%B1-%DB%B2%D8%AE%D9%88%D8%A7%D8%A8-%D8%AF%D9%87-%D8%B3%D8%A7%D9%84%D9%87-%D9%81%D8%B1%D8%AF%D9%88%D8%B3-%D8%BA%D8%B1%D8%A8/gao5qpBs?tracker_session_id=b7595e75-98b5-4efc-919d-5c7911fff515_gao5qpBs_N
۱۰۷متر ۲خواب/فول مشاعات / ولنجک هشترودی / زیرقیمت,40000000000,107.0,ولنجک,2.0,1400.0,2.0,https://divar.ir/v/%DB%B1%DB%B0%DB%B7%D9%85%D8%AA%D8%B1-%DB%B2%D8%AE%D9%88%D8%A7%D8%A8-%D9%81%D9%88%D9%84-%D9%85%D8%B4%D8%A7%D8%B9%D8%A7%D8%AA-%D9%88%D9%84%D9%86%D8%AC%DA%A9-%D9%87%D8%B4%D8%AA%D8%B1%D9%88%D8%AF%DB%8C-%D8%B2%DB%8C%D8%B1%D9%82%DB%8C%D9%85%D8%AA/gauZ_1Lq?tracker_session_id=b7595e75-98b5-4efc-919d-5c7911fff515_gauZ_1Lq_N
۷۲ متر ۲خوابه تکواحدی جمهوری سلیمانیه داداشیان,9500000000,72.0,زنجان جنوبی,3.0,1392.0,2.0,https://divar.ir/v/%DB%B7%DB%B2-%D9%85%D8%AA%D8%B1-%DB%B2%D8%AE%D9%88%D8%A7%D8%A8%D9%87-%D8%AA%DA%A9%D9%88%D8%A7%D8%AD%D8%AF%DB%8C-%D8%AC%D9%85%D9%87%D9%88%D8%B1%DB%8C-%D8%B3%D9%84%DB%8C%D9%85%D8%A7%D9%86%DB%8C%D9%87-%D8%AF%D8%A7%D8%AF%D8%A7%D8%B4%DB%8C%D8%A7%D9%86/ga3xCMu4?tracker_session_id=b7595e75-98b5-4efc-919d-5c7911fff515_ga3xCMu4_N
124متر/3خوابه/فول/ابوذر/علامه امینی,32500000000,124.0,آهنگ,5.0,1393.0,3.0,https://divar.ir/v/124%D9%85%D8%AA%D8%B1-3%D8%AE%D9%88%D8%A7%D8%A8%D9%87-%D9%81%D9%88%D9%84-%D8%A7%D8%A8%D9%88%D8%B0%D8%B1-%D8%B9%D9%84%D8%A7%D9%85%D9%87-%D8%A7%D9%85%DB%8C%D9%86%DB%8C/gauEFMQk?tracker_session_id=b7595e75-98b5-4efc-919d-5c7911fff515_gauEFMQk_N
فروش اپارتمان ۸۸ متر دو خواب,15500000000,88.0,ابوذر,5.0,1393.0,2.0,https://divar.ir/v/%D9%81%D8%B1%D9%88%D8%B4-%D8%A7%D9%BE%D8%A7%D8%B1%D8%AA%D9%85%D8%A7%D9%86-%DB%B8%DB%B8-%D9%85%D8%AA%D8%B1-%D8%AF%D9%88-%D8%AE%D9%88%D8%A7%D8%A8/ga3tSlqs?tracker_session_id=b7595e75-98b5-4efc-919d-5c7911fff515_ga3tSlqs_N
89 متر 2 خواب//فردوس غرب/ورزی شمالی/تهاتر,25500000000,89.0,شهرک پرواز,4.0,1399.0,2.0,https://divar.ir/v/89-%D9%85%D8%AA%D8%B1-2-%D8%AE%D9%88%D8%A7%D8%A8-%D9%81%D8%B1%D8%AF%D9%88%D8%B3-%D8%BA%D8%B1%D8%A8-%D9%88%D8%B1%D8%B2%DB%8C-%D8%B4%D9%85%D8%A7%D9%84%DB%8C-%D8%AA%D9%87%D8%A7%D8%AA%D8%B1/ga3ty5c3?tracker_session_id=b7595e75-98b5-4efc-919d-5c7911fff515_ga3ty5c3_N
آپارتمان ۳۷ متری/با پارکینگ,5450000000,37.0,هاشمی,4.0,1395.0,2.0,https://divar.ir/v/%D8%A2%D9%BE%D8%A7%D8%B1%D8%AA%D9%85%D8%A7%D9%86-%DB%B3%DB%B7-%D9%85%D8%AA%D8%B1%DB%8C-%D8%A8%D8%A7-%D9%BE%D8%A7%D8%B1%DA%A9%DB%8C%D9%86%DA%AF/ga3tC3L1?tracker_session_id=b7595e75-98b5-4efc-919d-5c7911fff515_ga3tC3L1_N
91 متر بر اینانلو /تهاتر /سرمایه گذاری,27250000000,91.0,سازمان برنامه جنوبی,5.0,1399.0,2.0,https://divar.ir/v/91-%D9%85%D8%AA%D8%B1-%D8%A8%D8%B1-%D8%A7%DB%8C%D9%86%D8%A7%D9%86%D9%84%D9%88-%D8%AA%D9%87%D8%A7%D8%AA%D8%B1-%D8%B3%D8%B1%D9%85%D8%A7%DB%8C%D9%87-%DA%AF%D8%B0%D8%A7%D8%B1%DB%8C/ga3tyXju?tracker_session_id=b7595e75-98b5-4efc-919d-5c7911fff515_ga3tyXju_N
۱۵۰متر/کلید نخورده/سپهر مرزداران,74470000000,150.0,پردیسان,4.0,1404.0,3.0,https://divar.ir/v/%DB%B1%DB%B5%DB%B0%D9%85%D8%AA%D8%B1-%DA%A9%D9%84%DB%8C%D8%AF-%D9%86%D8%AE%D9%88%D8%B1%D8%AF%D9%87-%D8%B3%D9%BE%D9%87%D8%B1-%D9%85%D8%B1%D8%B2%D8%AF%D8%A7%D8%B1%D8%A7%D9%86/gaCNze5x?tracker_session_id=b7595e75-98b5-4efc-919d-5c7911fff515_gaCNze5x_N
ولنجک زیر سیزدهم/300متر 4خواب/فول مشاعات/برج باغ,165000000000,300.0,ولنجک,8.0,1398.0,4.0,https://divar.ir/v/%D9%88%D9%84%D9%86%D8%AC%DA%A9-%D8%B2%DB%8C%D8%B1-%D8%B3%DB%8C%D8%B2%D8%AF%D9%87%D9%85-300%D9%85%D8%AA%D8%B1-4%D8%AE%D9%88%D8%A7%D8%A8-%D9%81%D9%88%D9%84-%D9%85%D8%B4%D8%A7%D8%B9%D8%A7%D8%AA-%D8%A8%D8%B1%D8%AC-%D8%A8%D8%A7%D8%BA/gavV2NWA?tracker_session_id=b7595e75-98b5-4efc-919d-5c7911fff515_gavV2NWA_N
65متر/تک خواب/فول/بازسازی شده,17360000000,65.0,اباذر,2.0,1395.0,1.0,https://divar.ir/v/65%D9%85%D8%AA%D8%B1-%D8%AA%DA%A9-%D8%AE%D9%88%D8%A7%D8%A8-%D9%81%D9%88%D9%84-%D8%A8%D8%A7%D8%B2%D8%B3%D8%A7%D8%B2%DB%8C-%D8%B4%D8%AF%D9%87/ga3tSYRE?tracker_session_id=b7595e75-98b5-4efc-919d-5c7911fff515_ga3tSYRE_N
پونک ایران زمین ۶۶متر طبقه اول,17500000000,66.0,سردارجنگل,1.0,1380.0,2.0,https://divar.ir/v/%D9%BE%D9%88%D9%86%DA%A9-%D8%A7%DB%8C%D8%B1%D8%A7%D9%86-%D8%B2%D9%85%DB%8C%D9%86-%DB%B6%DB%B6%D9%85%D8%AA%D8%B1-%D8%B7%D8%A8%D9%82%D9%87-%D8%A7%D9%88%D9%84/ga2N9nDe?tracker_session_id=b7595e75-98b5-4efc-919d-5c7911fff515_ga2N9nDe_N
۶۳متری سالن پرده خور/فردوس غرب/مالک فروشنده,14800000000,63.0,سازمان برنامه شمالی,2.0,1384.0,1.0,https://divar.ir/v/%DB%B6%DB%B3%D9%85%D8%AA%D8%B1%DB%8C-%D8%B3%D8%A7%D9%84%D9%86-%D9%BE%D8%B1%D8%AF%D9%87-%D8%AE%D9%88%D8%B1-%D9%81%D8%B1%D8%AF%D9%88%D8%B3-%D8%BA%D8%B1%D8%A8-%D9%85%D8%A7%D9%84%DA%A9-%D9%81%D8%B1%D9%88%D8%B4%D9%86%D8%AF%D9%87/gashrbP7?tracker_session_id=b7595e75-98b5-4efc-919d-5c7911fff515_gashrbP7_N
۴۲ متر / فول امکانات / استخر,8500000000,42.0,استخر,2.0,1387.0,1.0,https://divar.ir/v/%DB%B4%DB%B2-%D9%85%D8%AA%D8%B1-%D9%81%D9%88%D9%84-%D8%A7%D9%85%DA%A9%D8%A7%D9%86%D8%A7%D8%AA-%D8%A7%D8%B3%D8%AA%D8%AE%D8%B1/ga3pimO-?tracker_session_id=b7595e75-98b5-4efc-919d-5c7911fff515_ga3pimO-_N
51 متر. یک خواب. بازسازی کامل,8200000000,51.0,تهران‌نو,3.0,1387.0,1.0,https://divar.ir/v/51-%D9%85%D8%AA%D8%B1-%DB%8C%DA%A9-%D8%AE%D9%88%D8%A7%D8%A8-%D8%A8%D8%A7%D8%B2%D8%B3%D8%A7%D8%B2%DB%8C-%DA%A9%D8%A7%D9%85%D9%84/gaudAg5R?tracker_session_id=b7595e75-98b5-4efc-919d-5c7911fff515_gaudAg5R_N
77 متر 2 خواب خوش نقشه,6300000000,77.0,بلورسازی,2.0,1380.0,2.0,https://divar.ir/v/77-%D9%85%D8%AA%D8%B1-2-%D8%AE%D9%88%D8%A7%D8%A8-%D8%AE%D9%88%D8%B4-%D9%86%D9%82%D8%B4%D9%87/gautTIDU?tracker_session_id=b7595e75-98b5-4efc-919d-5c7911fff515_gautTIDU_N
اپارتمان مسعودیه ۸۳متر فول ۳نبش,9200000000,83.0,مسعودیه,5.0,1396.0,2.0,https://divar.ir/v/%D8%A7%D9%BE%D8%A7%D8%B1%D8%AA%D9%85%D8%A7%D9%86-%D9%85%D8%B3%D8%B9%D9%88%D8%AF%DB%8C%D9%87-%DB%B8%DB%B3%D9%85%D8%AA%D8%B1-%D9%81%D9%88%D9%84-%DB%B3%D9%86%D8%A8%D8%B4/gaVFwmz1?tracker_session_id=b7595e75-98b5-4efc-919d-5c7911fff515_gaVFwmz1_N
۱۱۲مترسالن پرده خورقابلیت 2پارکینگ تهرانپارس غربی,28300000000,112.0,تهرانپارس غربی,3.0,1392.0,2.0,https://divar.ir/v/%DB%B1%DB%B1%DB%B2%D9%85%D8%AA%D8%B1%D8%B3%D8%A7%D9%84%D9%86-%D9%BE%D8%B1%D8%AF%D9%87-%D8%AE%D9%88%D8%B1%D9%82%D8%A7%D8%A8%D9%84%DB%8C%D8%AA-2%D9%BE%D8%A7%D8%B1%DA%A9%DB%8C%D9%86%DA%AF-%D8%AA%D9%87%D8%B1%D8%A7%D9%86%D9%BE%D8%A7%D8%B1%D8%B3-%D8%BA%D8%B1%D8%A8%DB%8C/ga2pek13?tracker_session_id=b7595e75-98b5-4efc-919d-5c7911fff515_ga2pek13_N
جردن ۱۷۲ متر تکواحدی طبقه آخر,59000000000,172.0,امانیه,6.0,1392.0,3.0,https://divar.ir/v/%D8%AC%D8%B1%D8%AF%D9%86-%DB%B1%DB%B7%DB%B2-%D9%85%D8%AA%D8%B1-%D8%AA%DA%A9%D9%88%D8%A7%D8%AD%D8%AF%DB%8C-%D8%B7%D8%A8%D9%82%D9%87-%D8%A2%D8%AE%D8%B1/gaCtkiQf?tracker_session_id=b7595e75-98b5-4efc-919d-5c7911fff515_gaCtkiQf_N
فرمانیه سنبل ۲۵۰ متر سه خواب,150000000000,250.0,فرمانیه,4.0,1390.0,3.0,https://divar.ir/v/%D9%81%D8%B1%D9%85%D8%A7%D9%86%DB%8C%D9%87-%D8%B3%D9%86%D8%A8%D9%84-%DB%B2%DB%B5%DB%B0-%D9%85%D8%AA%D8%B1-%D8%B3%D9%87-%D8%AE%D9%88%D8%A7%D8%A8/ga3tSZiV?tracker_session_id=b7595e75-98b5-4efc-919d-5c7911fff515_ga3tSZiV_N
فروش اپارتمان ۱۰۶ متری در قیطریه,33800000000,106.0,چیذر,4.0,1393.0,2.0,https://divar.ir/v/%D9%81%D8%B1%D9%88%D8%B4-%D8%A7%D9%BE%D8%A7%D8%B1%D8%AA%D9%85%D8%A7%D9%86-%DB%B1%DB%B0%DB%B6-%D9%85%D8%AA%D8%B1%DB%8C-%D8%AF%D8%B1-%D9%82%DB%8C%D8%B7%D8%B1%DB%8C%D9%87/ga3hyhwp?tracker_session_id=b7595e75-98b5-4efc-919d-5c7911fff515_ga3hyhwp_N
۹۰متر ۲ خواب ساختمان کم واحد. روبه نما. تراورتن,24500000000,90.0,سازمان برنامه جنوبی,4.0,1398.0,2.0,https://divar.ir/v/%DB%B9%DB%B0%D9%85%D8%AA%D8%B1-%DB%B2-%D8%AE%D9%88%D8%A7%D8%A8-%D8%B3%D8%A7%D8%AE%D8%AA%D9%85%D8%A7%D9%86-%DA%A9%D9%85-%D9%88%D8%A7%D8%AD%D8%AF-%D8%B1%D9%88%D8%A8%D9%87-%D9%86%D9%85%D8%A7-%D8%AA%D8%B1%D8%A7%D9%88%D8%B1%D8%AA%D9%86/gaStJwsj?tracker_session_id=b7595e75-98b5-4efc-919d-5c7911fff515_gaStJwsj_N
۸۶ متر فول امکانات (مترو بریانک),13800000000,86.0,بریانک,5.0,1403.0,2.0,https://divar.ir/v/%DB%B8%DB%B6-%D9%85%D8%AA%D8%B1-%D9%81%D9%88%D9%84-%D8%A7%D9%85%DA%A9%D8%A7%D9%86%D8%A7%D8%AA-%D9%85%D8%AA%D8%B1%D9%88-%D8%A8%D8%B1%DB%8C%D8%A7%D9%86%DA%A9/ga3tin9X?tracker_session_id=b7595e75-98b5-4efc-919d-5c7911fff515_ga3tin9X_N
۸۰متر/با امکانات /ایزدپناه، اردیبهشت جنوبی,15800000000,80.0,تهرانپارس غربی,1.0,1386.0,2.0,https://divar.ir/v/%DB%B8%DB%B0%D9%85%D8%AA%D8%B1-%D8%A8%D8%A7-%D8%A7%D9%85%DA%A9%D8%A7%D9%86%D8%A7%D8%AA-%D8%A7%DB%8C%D8%B2%D8%AF%D9%BE%D9%86%D8%A7%D9%87-%D8%A7%D8%B1%D8%AF%DB%8C%D8%A8%D9%87%D8%B4%D8%AA-%D8%AC%D9%86%D9%88%D8%A8%DB%8C/ga3timjA?tracker_session_id=b7595e75-98b5-4efc-919d-5c7911fff515_ga3timjA_N
64 متر نواب ۲خوابه فول امکانات,9900000000,64.0,سلسبیل جنوبی,2.0,1386.0,2.0,https://divar.ir/v/64-%D9%85%D8%AA%D8%B1-%D9%86%D9%88%D8%A7%D8%A8-%DB%B2%D8%AE%D9%88%D8%A7%D8%A8%D9%87-%D9%81%D9%88%D9%84-%D8%A7%D9%85%DA%A9%D8%A7%D9%86%D8%A7%D8%AA/ga3twITU?tracker_session_id=b7595e75-98b5-4efc-919d-5c7911fff515_ga3twITU_N
واحد ۱۱۰ متری /شمالی ویو دار /شهرک خرازی چیتگر,16400000000,110.0,شهرک خرازی,23.0,1402.0,2.0,https://divar.ir/v/%D9%88%D8%A7%D8%AD%D8%AF-%DB%B1%DB%B1%DB%B0-%D9%85%D8%AA%D8%B1%DB%8C-%D8%B4%D9%85%D8%A7%D9%84%DB%8C-%D9%88%DB%8C%D9%88-%D8%AF%D8%A7%D8%B1-%D8%B4%D9%87%D8%B1%DA%A9-%D8%AE%D8%B1%D8%A7%D8%B2%DB%8C-%DA%86%DB%8C%D8%AA%DA%AF%D8%B1/ga3tiWC4?tracker_session_id=b7595e75-98b5-4efc-919d-5c7911fff515_ga3tiWC4_N
آپارتمان ۴۵ متر با آسانسور ( نیکفر ),6600000000,45.0,بریانک,1.0,1395.0,1.0,https://divar.ir/v/%D8%A2%D9%BE%D8%A7%D8%B1%D8%AA%D9%85%D8%A7%D9%86-%DB%B4%DB%B5-%D9%85%D8%AA%D8%B1-%D8%A8%D8%A7-%D8%A2%D8%B3%D8%A7%D9%86%D8%B3%D9%88%D8%B1-%D9%86%DB%8C%DA%A9%D9%81%D8%B1/gaOBVUF-?tracker_session_id=b7595e75-98b5-4efc-919d-5c7911fff515_gaOBVUF-_N
112متر دو خواب * نور جنوب * باغ بهشت,78400000000,112.0,سعادت‌آباد,4.0,1400.0,2.0,https://divar.ir/v/112%D9%85%D8%AA%D8%B1-%D8%AF%D9%88-%D8%AE%D9%88%D8%A7%D8%A8-%D9%86%D9%88%D8%B1-%D8%AC%D9%86%D9%88%D8%A8-%D8%A8%D8%A7%D8%BA-%D8%A8%D9%87%D8%B4%D8%AA/gay0IjQk?tracker_session_id=b7595e75-98b5-4efc-919d-5c7911fff515_gay0IjQk_N
۵۵ متر رو ب آفتاب بازسازی کامل مناسب عروس و داماد,7700000000,55.0,تهرانپارس شرقی,1.0,1390.0,1.0,https://divar.ir/v/%DB%B5%DB%B5-%D9%85%D8%AA%D8%B1-%D8%B1%D9%88-%D8%A8-%D8%A2%D9%81%D8%AA%D8%A7%D8%A8-%D8%A8%D8%A7%D8%B2%D8%B3%D8%A7%D8%B2%DB%8C-%DA%A9%D8%A7%D9%85%D9%84-%D9%85%D9%86%D8%A7%D8%B3%D8%A8-%D8%B9%D8%B1%D9%88%D8%B3-%D9%88-%D8%AF%D8%A7%D9%85%D8%A7%D8%AF/ga3tyNAw?tracker_session_id=b7595e75-98b5-4efc-919d-5c7911fff515_ga3tyNAw_N
۹۳ متر / ۲ خواب / فول امکانات / دامپزشکی / ۲۱ متری,17800000000,93.0,دکتر هوشیار,3.0,1390.0,2.0,https://divar.ir/v/%DB%B9%DB%B3-%D9%85%D8%AA%D8%B1-%DB%B2-%D8%AE%D9%88%D8%A7%D8%A8-%D9%81%D9%88%D9%84-%D8%A7%D9%85%DA%A9%D8%A7%D9%86%D8%A7%D8%AA-%D8%AF%D8%A7%D9%85%D9%BE%D8%B2%D8%B4%DA%A9%DB%8C-%DB%B2%DB%B1-%D9%85%D8%AA%D8%B1%DB%8C/ga3tCGwV?tracker_session_id=b7595e75-98b5-4efc-919d-5c7911fff515_ga3tCGwV_N
فروش واحد ۵۰متری,4000000000,50.0,یافت آباد جنوبی,1.0,1385.0,1.0,https://divar.ir/v/%D9%81%D8%B1%D9%88%D8%B4-%D9%88%D8%A7%D8%AD%D8%AF-%DB%B5%DB%B0%D9%85%D8%AA%D8%B1%DB%8C/gazJTbZe?tracker_session_id=b7595e75-98b5-4efc-919d-5c7911fff515_gazJTbZe_N
۱۲۷ متر * ۲ خ * فول,16500000000,127.0,هفت چنار,5.0,1396.0,2.0,https://divar.ir/v/%DB%B1%DB%B2%DB%B7-%D9%85%D8%AA%D8%B1-%DB%B2-%D8%AE-%D9%81%D9%88%D9%84/ga0tjxRF?tracker_session_id=b7595e75-98b5-4efc-919d-5c7911fff515_ga0tjxRF_N
48متری/فول امکانات/پارکینگ دار,5580000000,48.0,مقدم,3.0,1394.0,1.0,https://divar.ir/v/48%D9%85%D8%AA%D8%B1%DB%8C-%D9%81%D9%88%D9%84-%D8%A7%D9%85%DA%A9%D8%A7%D9%86%D8%A7%D8%AA-%D9%BE%D8%A7%D8%B1%DA%A9%DB%8C%D9%86%DA%AF-%D8%AF%D8%A7%D8%B1/ga3Vig3j?tracker_session_id=b7595e75-98b5-4efc-919d-5c7911fff515_ga3Vig3j_N
87 متر /پارکینگ/انباری/شبیه نوساز بازسازی شده,12100000000,87.0,دکتر هوشیار,4.0,1402.0,1.0,https://divar.ir/v/87-%D9%85%D8%AA%D8%B1-%D9%BE%D8%A7%D8%B1%DA%A9%DB%8C%D9%86%DA%AF-%D8%A7%D9%86%D8%A8%D8%A7%D8%B1%DB%8C-%D8%B4%D8%A8%DB%8C%D9%87-%D9%86%D9%88%D8%B3%D8%A7%D8%B2-%D8%A8%D8%A7%D8%B2%D8%B3%D8%A7%D8%B2%DB%8C-%D8%B4%D8%AF%D9%87/ga3pS7b0?tracker_session_id=b7595e75-98b5-4efc-919d-5c7911fff515_ga3pS7b0_N
۵۶متر/۱خواب خوش نقشه آسانسور/انباری تراس,8400000000,56.0,وحیدیه,2.0,1394.0,1.0,https://divar.ir/v/%DB%B5%DB%B6%D9%85%D8%AA%D8%B1-%DB%B1%D8%AE%D9%88%D8%A7%D8%A8-%D8%AE%D9%88%D8%B4-%D9%86%D9%82%D8%B4%D9%87-%D8%A2%D8%B3%D8%A7%D9%86%D8%B3%D9%88%D8%B1-%D8%A7%D9%86%D8%A8%D8%A7%D8%B1%DB%8C-%D8%AA%D8%B1%D8%A7%D8%B3/gaz9C6PP?tracker_session_id=b7595e75-98b5-4efc-919d-5c7911fff515_gaz9C6PP_N
۱۰۲ متر سرتاسر پرده خور عکس ها واقعی ۷ ساله,27500000000,102.0,سازمان برنامه جنوبی,4.0,1398.0,2.0,https://divar.ir/v/%DB%B1%DB%B0%DB%B2-%D9%85%D8%AA%D8%B1-%D8%B3%D8%B1%D8%AA%D8%A7%D8%B3%D8%B1-%D9%BE%D8%B1%D8%AF%D9%87-%D8%AE%D9%88%D8%B1-%D8%B9%DA%A9%D8%B3-%D9%87%D8%A7-%D9%88%D8%A7%D9%82%D8%B9%DB%8C-%DB%B7-%D8%B3%D8%A7%D9%84%D9%87/gaUxqz7o?tracker_session_id=b7595e75-98b5-4efc-919d-5c7911fff515_gaUxqz7o_N
۵۱متر ۱خواب/سالن پرده خور/بازسازی/سرمایه گذاری,12750000000,51.0,فردوس,2.0,1383.0,1.0,https://divar.ir/v/%DB%B5%DB%B1%D9%85%D8%AA%D8%B1-%DB%B1%D8%AE%D9%88%D8%A7%D8%A8-%D8%B3%D8%A7%D9%84%D9%86-%D9%BE%D8%B1%D8%AF%D9%87-%D8%AE%D9%88%D8%B1-%D8%A8%D8%A7%D8%B2%D8%B3%D8%A7%D8%B2%DB%8C-%D8%B3%D8%B1%D9%85%D8%A7%DB%8C%D9%87-%DA%AF%D8%B0%D8%A7%D8%B1%DB%8C/gal5dXwm?tracker_session_id=b7595e75-98b5-4efc-919d-5c7911fff515_gal5dXwm_N
۶۵ م * ۲ خ * تکواحدی * لوکس,10500000000,65.0,جیحون,2.0,1385.0,2.0,https://divar.ir/v/%DB%B6%DB%B5-%D9%85-%DB%B2-%D8%AE-%D8%AA%DA%A9%D9%88%D8%A7%D8%AD%D8%AF%DB%8C-%D9%84%D9%88%DA%A9%D8%B3/ga3pi4uu?tracker_session_id=b7595e75-98b5-4efc-919d-5c7911fff515_ga3pi4uu_N
۴۵متر/تکواحدی/زیرهمکف/فول بازسازی شده,5200000000,45.0,سلسبیل شمالی,4.0,1386.0,1.0,https://divar.ir/v/%DB%B4%DB%B5%D9%85%D8%AA%D8%B1-%D8%AA%DA%A9%D9%88%D8%A7%D8%AD%D8%AF%DB%8C-%D8%B2%DB%8C%D8%B1%D9%87%D9%85%DA%A9%D9%81-%D9%81%D9%88%D9%84-%D8%A8%D8%A7%D8%B2%D8%B3%D8%A7%D8%B2%DB%8C-%D8%B4%D8%AF%D9%87/gav1zlgk?tracker_session_id=b7595e75-98b5-4efc-919d-5c7911fff515_gav1zlgk_N
اپارتمان۵۰ متری طبقه سوم میر کاضمیان,5500000000,50.0,مختاری,3.0,1379.0,1.0,https://divar.ir/v/%D8%A7%D9%BE%D8%A7%D8%B1%D8%AA%D9%85%D8%A7%D9%86%DB%B5%DB%B0-%D9%85%D8%AA%D8%B1%DB%8C-%D8%B7%D8%A8%D9%82%D9%87-%D8%B3%D9%88%D9%85-%D9%85%DB%8C%D8%B1-%DA%A9%D8%A7%D8%B6%D9%85%DB%8C%D8%A7%D9%86/gaTBkf_r?tracker_session_id=b7595e75-98b5-4efc-919d-5c7911fff515_gaTBkf_r_N
۱۰۴متر نوساز * یک انتخاب خاص برای خاص پسندان *,28800000000,104.0,شهران جنوبی,3.0,1403.0,2.0,https://divar.ir/v/%DB%B1%DB%B0%DB%B4%D9%85%D8%AA%D8%B1-%D9%86%D9%88%D8%B3%D8%A7%D8%B2-%DB%8C%DA%A9-%D8%A7%D9%86%D8%AA%D8%AE%D8%A7%D8%A8-%D8%AE%D8%A7%D8%B5-%D8%A8%D8%B1%D8%A7%DB%8C-%D8%AE%D8%A7%D8%B5-%D9%BE%D8%B3%D9%86%D8%AF%D8%A7%D9%86/ga3pi7SP?tracker_session_id=b7595e75-98b5-4efc-919d-5c7911fff515_ga3pi7SP_N
۶۹متر ۲ خواب شاهین شمالی,21000000000,69.0,جنت‌آباد مرکزی,3.0,1395.0,2.0,https://divar.ir/v/%DB%B6%DB%B9%D9%85%D8%AA%D8%B1-%DB%B2-%D8%AE%D9%88%D8%A7%D8%A8-%D8%B4%D8%A7%D9%87%DB%8C%D9%86-%D8%B4%D9%85%D8%A7%D9%84%DB%8C/gaph-viq?tracker_session_id=b7595e75-98b5-4efc-919d-5c7911fff515_gaph-viq_N
86 متر دوخوابه غرب باقری ( بلوار اردیبهشت),15800000000,86.0,تهرانپارس غربی,2.0,1393.0,2.0,https://divar.ir/v/86-%D9%85%D8%AA%D8%B1-%D8%AF%D9%88%D8%AE%D9%88%D8%A7%D8%A8%D9%87-%D8%BA%D8%B1%D8%A8-%D8%A8%D8%A7%D9%82%D8%B1%DB%8C-%D8%A8%D9%84%D9%88%D8%A7%D8%B1-%D8%A7%D8%B1%D8%AF%DB%8C%D8%A8%D9%87%D8%B4%D8%AA/ga3pCDme?tracker_session_id=b7595e75-98b5-4efc-919d-5c7911fff515_ga3pCDme_N
۴۲ متر /فول امکانات/جیحون,5850000000,42.0,جیحون,4.0,1392.0,1.0,https://divar.ir/v/%DB%B4%DB%B2-%D9%85%D8%AA%D8%B1-%D9%81%D9%88%D9%84-%D8%A7%D9%85%DA%A9%D8%A7%D9%86%D8%A7%D8%AA-%D8%AC%DB%8C%D8%AD%D9%88%D9%86/ga2tuH1t?tracker_session_id=b7595e75-98b5-4efc-919d-5c7911fff515_ga2tuH1t_N
۱۲۵متر / تک واحدی/ فول امکانات/ فوری فوری,14200000000,125.0,سلیمانی,5.0,1395.0,2.0,https://divar.ir/v/%DB%B1%DB%B2%DB%B5%D9%85%D8%AA%D8%B1-%D8%AA%DA%A9-%D9%88%D8%A7%D8%AD%D8%AF%DB%8C-%D9%81%D9%88%D9%84-%D8%A7%D9%85%DA%A9%D8%A7%D9%86%D8%A7%D8%AA-%D9%81%D9%88%D8%B1%DB%8C-%D9%81%D9%88%D8%B1%DB%8C/ga0hzw0I?tracker_session_id=b7595e75-98b5-4efc-919d-5c7911fff515_ga0hzw0I_N
۵۱ متر/ فول بازسازی/ چهارراه شاپور,4950000000,51.0,امیریه,1.0,1384.0,1.0,https://divar.ir/v/%DB%B5%DB%B1-%D9%85%D8%AA%D8%B1-%D9%81%D9%88%D9%84-%D8%A8%D8%A7%D8%B2%D8%B3%D8%A7%D8%B2%DB%8C-%DA%86%D9%87%D8%A7%D8%B1%D8%B1%D8%A7%D9%87-%D8%B4%D8%A7%D9%BE%D9%88%D8%B1/ga3hSjaT?tracker_session_id=b7595e75-98b5-4efc-919d-5c7911fff515_ga3hSjaT_N
بلوار ابراهیم آباد برزگر رحیمی 75 متر فول دو خواب,7000000000,75.0,شادآباد,4.0,1394.0,2.0,https://divar.ir/v/%D8%A8%D9%84%D9%88%D8%A7%D8%B1-%D8%A7%D8%A8%D8%B1%D8%A7%D9%87%DB%8C%D9%85-%D8%A2%D8%A8%D8%A7%D8%AF-%D8%A8%D8%B1%D8%B2%DA%AF%D8%B1-%D8%B1%D8%AD%DB%8C%D9%85%DB%8C-75-%D9%85%D8%AA%D8%B1-%D9%81%D9%88%D9%84-%D8%AF%D9%88-%D8%AE%D9%88%D8%A7%D8%A8/ga3RCRYK?tracker_session_id=b7595e75-98b5-4efc-919d-5c7911fff515_ga3RCRYK_N
۴۸متر/فول امکانات/شهیدکاظمی,7200000000,48.0,سلیمانی,3.0,1395.0,1.0,https://divar.ir/v/%DB%B4%DB%B8%D9%85%D8%AA%D8%B1-%D9%81%D9%88%D9%84-%D8%A7%D9%85%DA%A9%D8%A7%D9%86%D8%A7%D8%AA-%D8%B4%D9%87%DB%8C%D8%AF%DA%A9%D8%A7%D8%B8%D9%85%DB%8C/ga3pSws1?tracker_session_id=b7595e75-98b5-4efc-919d-5c7911fff515_ga3pSws1_N
66متر دو خواب طبقه دوم تک,8100000000,66.0,افسریه شمالی,2.0,1389.0,2.0,https://divar.ir/v/66%D9%85%D8%AA%D8%B1-%D8%AF%D9%88-%D8%AE%D9%88%D8%A7%D8%A8-%D8%B7%D8%A8%D9%82%D9%87-%D8%AF%D9%88%D9%85-%D8%AA%DA%A9/ga3dC8LD?tracker_session_id=b7595e75-98b5-4efc-919d-5c7911fff515_ga3dC8LD_N
۲۳۰ متر یک از چهار با ۱۱۰ متر قدرالسهم جردن فوری,55000000000,230.0,گاندی,4.0,1371.0,4.0,https://divar.ir/v/%DB%B2%DB%B3%DB%B0-%D9%85%D8%AA%D8%B1-%DB%8C%DA%A9-%D8%A7%D8%B2-%DA%86%D9%87%D8%A7%D8%B1-%D8%A8%D8%A7-%DB%B1%DB%B1%DB%B0-%D9%85%D8%AA%D8%B1-%D9%82%D8%AF%D8%B1%D8%A7%D9%84%D8%B3%D9%87%D9%85-%D8%AC%D8%B1%D8%AF%D9%86-%D9%81%D9%88%D8%B1%DB%8C/gatoCmNT?tracker_session_id=b7595e75-98b5-4efc-919d-5c7911fff515_gatoCmNT_N
هفت تیر بهار ۶۵ متر ۲ پارکینگ فول,15200000000,65.0,بهار,1.0,1380.0,1.0,https://divar.ir/v/%D9%87%D9%81%D8%AA-%D8%AA%DB%8C%D8%B1-%D8%A8%D9%87%D8%A7%D8%B1-%DB%B6%DB%B5-%D9%85%D8%AA%D8%B1-%DB%B2-%D9%BE%D8%A7%D8%B1%DA%A9%DB%8C%D9%86%DA%AF-%D9%81%D9%88%D9%84/gatB6Uk9?tracker_session_id=b7595e75-98b5-4efc-919d-5c7911fff515_gatB6Uk9_N
۱۱۵متر/دوکله نور/شهرزیبا,25000000000,115.0,سازمان آب,3.0,1390.0,2.0,https://divar.ir/v/%DB%B1%DB%B1%DB%B5%D9%85%D8%AA%D8%B1-%D8%AF%D9%88%DA%A9%D9%84%D9%87-%D9%86%D9%88%D8%B1-%D8%B4%D9%87%D8%B1%D8%B2%DB%8C%D8%A8%D8%A7/gaotUDTa?tracker_session_id=b7595e75-98b5-4efc-919d-5c7911fff515_gaotUDTa_N
آپارتمان لوکس ۱۸۳متر ولنجک,130000000000,183.0,زعفرانیه,3.0,1404.0,3.0,https://divar.ir/v/%D8%A2%D9%BE%D8%A7%D8%B1%D8%AA%D9%85%D8%A7%D9%86-%D9%84%D9%88%DA%A9%D8%B3-%DB%B1%DB%B8%DB%B3%D9%85%D8%AA%D8%B1-%D9%88%D9%84%D9%86%D8%AC%DA%A9/ga3dCC_w?tracker_session_id=b7595e75-98b5-4efc-919d-5c7911fff515_ga3dCC_w_N
۱۶۰ متر آپارتمان یک از دو با۱۵۰متر قدرالسهم,60000000000,160.0,کاج,1.0,1371.0,3.0,https://divar.ir/v/%DB%B1%DB%B6%DB%B0-%D9%85%D8%AA%D8%B1-%D8%A2%D9%BE%D8%A7%D8%B1%D8%AA%D9%85%D8%A7%D9%86-%DB%8C%DA%A9-%D8%A7%D8%B2-%D8%AF%D9%88-%D8%A8%D8%A7%DB%B1%DB%B5%DB%B0%D9%85%D8%AA%D8%B1-%D9%82%D8%AF%D8%B1%D8%A7%D9%84%D8%B3%D9%87%D9%85/gahYLmFa?tracker_session_id=b7595e75-98b5-4efc-919d-5c7911fff515_gahYLmFa_N
۹۰متر/فول‌امکانات/براصلی/خوش‌نقشه,18100000000,90.0,جمال‌زاده,1.0,1395.0,2.0,https://divar.ir/v/%DB%B9%DB%B0%D9%85%D8%AA%D8%B1-%D9%81%D9%88%D9%84-%D8%A7%D9%85%DA%A9%D8%A7%D9%86%D8%A7%D8%AA-%D8%A8%D8%B1%D8%A7%D8%B5%D9%84%DB%8C-%D8%AE%D9%88%D8%B4-%D9%86%D9%82%D8%B4%D9%87/ga39x5J3?tracker_session_id=b7595e75-98b5-4efc-919d-5c7911fff515_ga39x5J3_N
۵۶ متر زرتشت غربی,23500000000,56.0,بلوار کشاورز,3.0,1404.0,1.0,https://divar.ir/v/%DB%B5%DB%B6-%D9%85%D8%AA%D8%B1-%D8%B2%D8%B1%D8%AA%D8%B4%D8%AA-%D8%BA%D8%B1%D8%A8%DB%8C/gafJDowg?tracker_session_id=b7595e75-98b5-4efc-919d-5c7911fff515_gafJDowg_N
آپارتمان۱۱۵م۱۲۲م۱۴۰م/تهرانسر۳خواب,23500000000,115.0,شهرک پاسداران,4.0,1404.0,3.0,https://divar.ir/v/%D8%A2%D9%BE%D8%A7%D8%B1%D8%AA%D9%85%D8%A7%D9%86%DB%B1%DB%B1%DB%B5%D9%85%DB%B1%DB%B2%DB%B2%D9%85%DB%B1%DB%B4%DB%B0%D9%85-%D8%AA%D9%87%D8%B1%D8%A7%D9%86%D8%B3%D8%B1%DB%B3%D8%AE%D9%88%D8%A7%D8%A8/ga3liXhM?tracker_session_id=b7595e75-98b5-4efc-919d-5c7911fff515_ga3liXhM_N
۷۶متر ۲خواب/ تکواحدی/فول/نوساز,17550000000,76.0,امامت,4.0,1401.0,2.0,https://divar.ir/v/%DB%B7%DB%B6%D9%85%D8%AA%D8%B1-%DB%B2%D8%AE%D9%88%D8%A7%D8%A8-%D8%AA%DA%A9%D9%88%D8%A7%D8%AD%D8%AF%DB%8C-%D9%81%D9%88%D9%84-%D9%86%D9%88%D8%B3%D8%A7%D8%B2/ga2Zf8_f?tracker_session_id=b7595e75-98b5-4efc-919d-5c7911fff515_ga2Zf8_f_N
۷۳متر ۲خواب/ پارکینگ/ تکواحدی/طبقه سوم,11250000000,73.0,تهران‌نو,3.0,1390.0,2.0,https://divar.ir/v/%DB%B7%DB%B3%D9%85%D8%AA%D8%B1-%DB%B2%D8%AE%D9%88%D8%A7%D8%A8-%D9%BE%D8%A7%D8%B1%DA%A9%DB%8C%D9%86%DA%AF-%D8%AA%DA%A9%D9%88%D8%A7%D8%AD%D8%AF%DB%8C-%D8%B7%D8%A8%D9%82%D9%87-%D8%B3%D9%88%D9%85/gajsuc-R?tracker_session_id=b7595e75-98b5-4efc-919d-5c7911fff515_gajsuc-R_N
55 متر نو ساز و کلید نخورده,19300000000,55.0,شاهین,1.0,1405.0,1.0,https://divar.ir/v/55-%D9%85%D8%AA%D8%B1-%D9%86%D9%88-%D8%B3%D8%A7%D8%B2-%D9%88-%DA%A9%D9%84%DB%8C%D8%AF-%D9%86%D8%AE%D9%88%D8%B1%D8%AF%D9%87/ga3pSbjO?tracker_session_id=b7595e75-98b5-4efc-919d-5c7911fff515_ga3pSbjO_N
90متر/حاجی صادقی / فول امکانات,23250000000,90.0,هفت حوض,1.0,1396.0,2.0,https://divar.ir/v/90%D9%85%D8%AA%D8%B1-%D8%AD%D8%A7%D8%AC%DB%8C-%D8%B5%D8%A7%D8%AF%D9%82%DB%8C-%D9%81%D9%88%D9%84-%D8%A7%D9%85%DA%A9%D8%A7%D9%86%D8%A7%D8%AA/ga3liwmI?tracker_session_id=b7595e75-98b5-4efc-919d-5c7911fff515_ga3liwmI_N
107متر/2خواب/نوساز/توحید,31000000000,107.0,توحید,4.0,1404.0,2.0,https://divar.ir/v/107%D9%85%D8%AA%D8%B1-2%D8%AE%D9%88%D8%A7%D8%A8-%D9%86%D9%88%D8%B3%D8%A7%D8%B2-%D8%AA%D9%88%D8%AD%DB%8C%D8%AF/gaUluX43?tracker_session_id=b7595e75-98b5-4efc-919d-5c7911fff515_gaUluX43_N
115متر/2خواب/2پارکینگ/ظفر,35000000000,115.0,ظفر,1.0,1398.0,2.0,https://divar.ir/v/115%D9%85%D8%AA%D8%B1-2%D8%AE%D9%88%D8%A7%D8%A8-2%D9%BE%D8%A7%D8%B1%DA%A9%DB%8C%D9%86%DA%AF-%D8%B8%D9%81%D8%B1/ga3pSQfl?tracker_session_id=b7595e75-98b5-4efc-919d-5c7911fff515_ga3pSQfl_N
۷۵متر/تک واحدی/پارکینگ غیرمزاحم/سالن مربع,9800000000,75.0,جیحون,2.0,1386.0,2.0,https://divar.ir/v/%DB%B7%DB%B5%D9%85%D8%AA%D8%B1-%D8%AA%DA%A9-%D9%88%D8%A7%D8%AD%D8%AF%DB%8C-%D9%BE%D8%A7%D8%B1%DA%A9%DB%8C%D9%86%DA%AF-%D8%BA%DB%8C%D8%B1%D9%85%D8%B2%D8%A7%D8%AD%D9%85-%D8%B3%D8%A7%D9%84%D9%86-%D9%85%D8%B1%D8%A8%D8%B9/ga3Zyfe6?tracker_session_id=b7595e75-98b5-4efc-919d-5c7911fff515_ga3Zyfe6_N
۱۹۰متر جهانتاب/فول نوسازی/فول مشاعات/دو پارکینگ,62000000000,190.0,اختیاریه,1.0,1393.0,3.0,https://divar.ir/v/%DB%B1%DB%B9%DB%B0%D9%85%D8%AA%D8%B1-%D8%AC%D9%87%D8%A7%D9%86%D8%AA%D8%A7%D8%A8-%D9%81%D9%88%D9%84-%D9%86%D9%88%D8%B3%D8%A7%D8%B2%DB%8C-%D9%81%D9%88%D9%84-%D9%85%D8%B4%D8%A7%D8%B9%D8%A7%D8%AA-%D8%AF%D9%88-%D9%BE%D8%A7%D8%B1%DA%A9%DB%8C%D9%86%DA%AF/gatIr-wJ?tracker_session_id=b7595e75-98b5-4efc-919d-5c7911fff515_gatIr-wJ_N
۷۰متری غرق نور/روبنما،لوکس وشیک/مناسب خاص پسندان,6750000000,70.0,چیتگر جنوبی,2.0,1404.0,2.0,https://divar.ir/v/%DB%B7%DB%B0%D9%85%D8%AA%D8%B1%DB%8C-%D8%BA%D8%B1%D9%82-%D9%86%D9%88%D8%B1-%D8%B1%D9%88%D8%A8%D9%86%D9%85%D8%A7-%D9%84%D9%88%DA%A9%D8%B3-%D9%88%D8%B4%DB%8C%DA%A9-%D9%85%D9%86%D8%A7%D8%B3%D8%A8-%D8%AE%D8%A7%D8%B5-%D9%BE%D8%B3%D9%86%D8%AF%D8%A7%D9%86/ga3pSGsX?tracker_session_id=b7595e75-98b5-4efc-919d-5c7911fff515_ga3pSGsX_N
اپارتمان ۷۰ متری تک واحدی,9000000000,70.0,تولید دارو,1.0,1385.0,2.0,https://divar.ir/v/%D8%A7%D9%BE%D8%A7%D8%B1%D8%AA%D9%85%D8%A7%D9%86-%DB%B7%DB%B0-%D9%85%D8%AA%D8%B1%DB%8C-%D8%AA%DA%A9-%D9%88%D8%A7%D8%AD%D8%AF%DB%8C/gahd_eAv?tracker_session_id=b7595e75-98b5-4efc-919d-5c7911fff515_gahd_eAv_N
74متری فول اعیان نشین منطقه,17400000000,74.0,طرشت,5.0,1393.0,2.0,https://divar.ir/v/74%D9%85%D8%AA%D8%B1%DB%8C-%D9%81%D9%88%D9%84-%D8%A7%D8%B9%DB%8C%D8%A7%D9%86-%D9%86%D8%B4%DB%8C%D9%86-%D9%85%D9%86%D8%B7%D9%82%D9%87/gaXFIr3k?tracker_session_id=b7595e75-98b5-4efc-919d-5c7911fff515_gaXFIr3k_N
۳۹ متر بر اصلی خیابان طوس تقاطع قصرالدشت,6190000000,39.0,جیحون,2.0,1382.0,1.0,https://divar.ir/v/%DB%B3%DB%B9-%D9%85%D8%AA%D8%B1-%D8%A8%D8%B1-%D8%A7%D8%B5%D9%84%DB%8C-%D8%AE%DB%8C%D8%A7%D8%A8%D8%A7%D9%86-%D8%B7%D9%88%D8%B3-%D8%AA%D9%82%D8%A7%D8%B7%D8%B9-%D9%82%D8%B5%D8%B1%D8%A7%D9%84%D8%AF%D8%B4%D8%AA/gaEpd1Mq?tracker_session_id=b7595e75-98b5-4efc-919d-5c7911fff515_gaEpd1Mq_N
84متر2خواب/فول امکانات/نوساز/خوش نقشه/تاپ لوکیشن,10300000000,84.0,جیحون,3.0,1403.0,2.0,https://divar.ir/v/84%D9%85%D8%AA%D8%B12%D8%AE%D9%88%D8%A7%D8%A8-%D9%81%D9%88%D9%84-%D8%A7%D9%85%DA%A9%D8%A7%D9%86%D8%A7%D8%AA-%D9%86%D9%88%D8%B3%D8%A7%D8%B2-%D8%AE%D9%88%D8%B4-%D9%86%D9%82%D8%B4%D9%87-%D8%AA%D8%A7%D9%BE-%D9%84%D9%88%DA%A9%DB%8C%D8%B4%D9%86/ga3VSrar?tracker_session_id=b7595e75-98b5-4efc-919d-5c7911fff515_ga3VSrar_N
۱۸۰متر/کیکاووس/فول نوسازی شده/امکان تهاتر با ۲خواب,60000000000,180.0,درب دوم,1.0,1388.0,3.0,https://divar.ir/v/%DB%B1%DB%B8%DB%B0%D9%85%D8%AA%D8%B1-%DA%A9%DB%8C%DA%A9%D8%A7%D9%88%D9%88%D8%B3-%D9%81%D9%88%D9%84-%D9%86%D9%88%D8%B3%D8%A7%D8%B2%DB%8C-%D8%B4%D8%AF%D9%87-%D8%A7%D9%85%DA%A9%D8%A7%D9%86-%D8%AA%D9%87%D8%A7%D8%AA%D8%B1-%D8%A8%D8%A7-%DB%B2%D8%AE%D9%88%D8%A7%D8%A8/gaU94qPT?tracker_session_id=b7595e75-98b5-4efc-919d-5c7911fff515_gaU94qPT_N
۵۰متر/پارکینگ غیر مزاحم/گذر پهن,6100000000,50.0,هاشمی,2.0,1383.0,1.0,https://divar.ir/v/%DB%B5%DB%B0%D9%85%D8%AA%D8%B1-%D9%BE%D8%A7%D8%B1%DA%A9%DB%8C%D9%86%DA%AF-%D8%BA%DB%8C%D8%B1-%D9%85%D8%B2%D8%A7%D8%AD%D9%85-%DA%AF%D8%B0%D8%B1-%D9%BE%D9%87%D9%86/ga3piENV?tracker_session_id=b7595e75-98b5-4efc-919d-5c7911fff515_ga3piENV_N
سازمان آب (پارک شاهین) 110 متر 2 خواب,37200000000,110.0,ستارخان,5.0,1396.0,2.0,https://divar.ir/v/%D8%B3%D8%A7%D8%B2%D9%85%D8%A7%D9%86-%D8%A2%D8%A8-%D9%BE%D8%A7%D8%B1%DA%A9-%D8%B4%D8%A7%D9%87%DB%8C%D9%86-110-%D9%85%D8%AA%D8%B1-2-%D8%AE%D9%88%D8%A7%D8%A8/gauFwolo?tracker_session_id=b7595e75-98b5-4efc-919d-5c7911fff515_gauFwolo_N
90متر 2خواب/پونک /خطی روبه آفتاب /فول,28300000000,90.0,پونک,2.0,1394.0,2.0,https://divar.ir/v/90%D9%85%D8%AA%D8%B1-2%D8%AE%D9%88%D8%A7%D8%A8-%D9%BE%D9%88%D9%86%DA%A9-%D8%AE%D8%B7%DB%8C-%D8%B1%D9%88%D8%A8%D9%87-%D8%A2%D9%81%D8%AA%D8%A7%D8%A8-%D9%81%D9%88%D9%84/ga0xrtiv?tracker_session_id=b7595e75-98b5-4efc-919d-5c7911fff515_ga0xrtiv_N
۵۰ متری فول بر خیابون سبلان شمالی,9000000000,50.0,سبلان (لشگر),3.0,1394.0,1.0,https://divar.ir/v/%DB%B5%DB%B0-%D9%85%D8%AA%D8%B1%DB%8C-%D9%81%D9%88%D9%84-%D8%A8%D8%B1-%D8%AE%DB%8C%D8%A7%D8%A8%D9%88%D9%86-%D8%B3%D8%A8%D9%84%D8%A7%D9%86-%D8%B4%D9%85%D8%A7%D9%84%DB%8C/ga3dSHcy?tracker_session_id=b7595e75-98b5-4efc-919d-5c7911fff515_ga3dSHcy_N
۱۱۰متر* روبه‌آفتاب * خاص‌پسند/ به قیمت,27300000000,110.0,تهرانپارس غربی,3.0,1402.0,2.0,https://divar.ir/v/%DB%B1%DB%B1%DB%B0%D9%85%D8%AA%D8%B1-%D8%B1%D9%88%D8%A8%D9%87-%D8%A2%D9%81%D8%AA%D8%A7%D8%A8-%D8%AE%D8%A7%D8%B5-%D9%BE%D8%B3%D9%86%D8%AF-%D8%A8%D9%87-%D9%82%DB%8C%D9%85%D8%AA/ga3dSWHs?tracker_session_id=b7595e75-98b5-4efc-919d-5c7911fff515_ga3dSWHs_N
۱۰۷متر ۲خ فول بازسازی شده پارسیان تهرانپارس,25500000000,107.0,تهرانپارس غربی,2.0,1384.0,2.0,https://divar.ir/v/%DB%B1%DB%B0%DB%B7%D9%85%D8%AA%D8%B1-%DB%B2%D8%AE-%D9%81%D9%88%D9%84-%D8%A8%D8%A7%D8%B2%D8%B3%D8%A7%D8%B2%DB%8C-%D8%B4%D8%AF%D9%87-%D9%BE%D8%A7%D8%B1%D8%B3%DB%8C%D8%A7%D9%86-%D8%AA%D9%87%D8%B1%D8%A7%D9%86%D9%BE%D8%A7%D8%B1%D8%B3/gaUh5K9c?tracker_session_id=b7595e75-98b5-4efc-919d-5c7911fff515_gaUh5K9c_N
۴۵مترطبقه اول محبوب مجازمتروکمیل,4800000000,45.0,مخصوص,1.0,1383.0,1.0,https://divar.ir/v/%DB%B4%DB%B5%D9%85%D8%AA%D8%B1%D8%B7%D8%A8%D9%82%D9%87-%D8%A7%D9%88%D9%84-%D9%85%D8%AD%D8%A8%D9%88%D8%A8-%D9%85%D8%AC%D8%A7%D8%B2%D9%85%D8%AA%D8%B1%D9%88%DA%A9%D9%85%DB%8C%D9%84/ga21dEr9?tracker_session_id=b7595e75-98b5-4efc-919d-5c7911fff515_ga21dEr9_N
۹۴متر۲خ/بازسازی شده/پله ها نرم/تک واحدی/پارکینگ,21700000000,94.0,دبستان,2.0,1380.0,2.0,https://divar.ir/v/%DB%B9%DB%B4%D9%85%D8%AA%D8%B1%DB%B2%D8%AE-%D8%A8%D8%A7%D8%B2%D8%B3%D8%A7%D8%B2%DB%8C-%D8%B4%D8%AF%D9%87-%D9%BE%D9%84%D9%87-%D9%87%D8%A7-%D9%86%D8%B1%D9%85-%D8%AA%DA%A9-%D9%88%D8%A7%D8%AD%D8%AF%DB%8C-%D9%BE%D8%A7%D8%B1%DA%A9%DB%8C%D9%86%DA%AF/ga3lCsC9?tracker_session_id=b7595e75-98b5-4efc-919d-5c7911fff515_ga3lCsC9_N
۱۲۳متر۲خواب فول امکانات/آزادگان/,34000000000,123.0,امیرآباد,1.0,1389.0,2.0,https://divar.ir/v/%DB%B1%DB%B2%DB%B3%D9%85%D8%AA%D8%B1%DB%B2%D8%AE%D9%88%D8%A7%D8%A8-%D9%81%D9%88%D9%84-%D8%A7%D9%85%DA%A9%D8%A7%D9%86%D8%A7%D8%AA-%D8%A2%D8%B2%D8%A7%D8%AF%DA%AF%D8%A7%D9%86/ga3li5W0?tracker_session_id=b7595e75-98b5-4efc-919d-5c7911fff515_ga3li5W0_N
اپارتمان۵۳ متری فول امکانات تک واحدی فروزش,8500000000,53.0,امیر بهادر,4.0,1397.0,1.0,https://divar.ir/v/%D8%A7%D9%BE%D8%A7%D8%B1%D8%AA%D9%85%D8%A7%D9%86%DB%B5%DB%B3-%D9%85%D8%AA%D8%B1%DB%8C-%D9%81%D9%88%D9%84-%D8%A7%D9%85%DA%A9%D8%A7%D9%86%D8%A7%D8%AA-%D8%AA%DA%A9-%D9%88%D8%A7%D8%AD%D8%AF%DB%8C-%D9%81%D8%B1%D9%88%D8%B2%D8%B4/gazEfiUn?tracker_session_id=b7595e75-98b5-4efc-919d-5c7911fff515_gazEfiUn_N
۴۹متر/پارکینگ سندی/سند تک برگ,5000000000,49.0,طرشت,2.0,1401.0,1.0,https://divar.ir/v/%DB%B4%DB%B9%D9%85%D8%AA%D8%B1-%D9%BE%D8%A7%D8%B1%DA%A9%DB%8C%D9%86%DA%AF-%D8%B3%D9%86%D8%AF%DB%8C-%D8%B3%D9%86%D8%AF-%D8%AA%DA%A9-%D8%A8%D8%B1%DA%AF/ga2tDOjr?tracker_session_id=b7595e75-98b5-4efc-919d-5c7911fff515_ga2tDOjr_N
۴۰متر/آسانسور دار/سبلان شمالی/محسن آزادی,6450000000,40.0,سبلان (لشگر),2.0,1390.0,1.0,https://divar.ir/v/%DB%B4%DB%B0%D9%85%D8%AA%D8%B1-%D8%A2%D8%B3%D8%A7%D9%86%D8%B3%D9%88%D8%B1-%D8%AF%D8%A7%D8%B1-%D8%B3%D8%A8%D9%84%D8%A7%D9%86-%D8%B4%D9%85%D8%A7%D9%84%DB%8C-%D9%85%D8%AD%D8%B3%D9%86-%D8%A2%D8%B2%D8%A7%D8%AF%DB%8C/ga3lC61b?tracker_session_id=b7595e75-98b5-4efc-919d-5c7911fff515_ga3lC61b_N
اپارتمان ۵۳متر فول امکانات خوش نقشه شهران,13500000000,53.0,شهران شمالی,3.0,1385.0,1.0,https://divar.ir/v/%D8%A7%D9%BE%D8%A7%D8%B1%D8%AA%D9%85%D8%A7%D9%86-%DB%B5%DB%B3%D9%85%D8%AA%D8%B1-%D9%81%D9%88%D9%84-%D8%A7%D9%85%DA%A9%D8%A7%D9%86%D8%A7%D8%AA-%D8%AE%D9%88%D8%B4-%D9%86%D9%82%D8%B4%D9%87-%D8%B4%D9%87%D8%B1%D8%A7%D9%86/ga3JR0Jr?tracker_session_id=b7595e75-98b5-4efc-919d-5c7911fff515_ga3JR0Jr_N
دروس 200 متر (فرعی مشجر),120000000000,200.0,دروس,4.0,1403.0,3.0,https://divar.ir/v/%D8%AF%D8%B1%D9%88%D8%B3-200-%D9%85%D8%AA%D8%B1-%D9%81%D8%B1%D8%B9%DB%8C-%D9%85%D8%B4%D8%AC%D8%B1/gablIdWY?tracker_session_id=b7595e75-98b5-4efc-919d-5c7911fff515_gablIdWY_N
۱۲۰متری/دریاچه چیتگر/اقساطی/سند تکبرگ/برج هتلینگ,2400000000,120.0,گلستان (شهرک راه آهن),15.0,1405.0,3.0,https://divar.ir/v/%DB%B1%DB%B2%DB%B0%D9%85%D8%AA%D8%B1%DB%8C-%D8%AF%D8%B1%DB%8C%D8%A7%DA%86%D9%87-%DA%86%DB%8C%D8%AA%DA%AF%D8%B1-%D8%A7%D9%82%D8%B3%D8%A7%D8%B7%DB%8C-%D8%B3%D9%86%D8%AF-%D8%AA%DA%A9%D8%A8%D8%B1%DA%AF-%D8%A8%D8%B1%D8%AC-%D9%87%D8%AA%D9%84%DB%8C%D9%86%DA%AF/gaCBzkhS?tracker_session_id=b7595e75-98b5-4efc-919d-5c7911fff515_gaCBzkhS_N
آپارتمان52متر/تک واحدی/قصرالدشت,6220000000,52.0,جیحون,2.0,1386.0,1.0,https://divar.ir/v/%D8%A2%D9%BE%D8%A7%D8%B1%D8%AA%D9%85%D8%A7%D9%8652%D9%85%D8%AA%D8%B1-%D8%AA%DA%A9-%D9%88%D8%A7%D8%AD%D8%AF%DB%8C-%D9%82%D8%B5%D8%B1%D8%A7%D9%84%D8%AF%D8%B4%D8%AA/ga3lSkoJ?tracker_session_id=b7595e75-98b5-4efc-919d-5c7911fff515_ga3lSkoJ_N
۱۱۸متر ۳خ فول ۱۵۴شرقی فلکه اول تهرانپارس,35000000000,118.0,تهرانپارس جنوبی,1.0,1395.0,3.0,https://divar.ir/v/%DB%B1%DB%B1%DB%B8%D9%85%D8%AA%D8%B1-%DB%B3%D8%AE-%D9%81%D9%88%D9%84-%DB%B1%DB%B5%DB%B4%D8%B4%D8%B1%D9%82%DB%8C-%D9%81%D9%84%DA%A9%D9%87-%D8%A7%D9%88%D9%84-%D8%AA%D9%87%D8%B1%D8%A7%D9%86%D9%BE%D8%A7%D8%B1%D8%B3/gaCZCgM-?tracker_session_id=b7595e75-98b5-4efc-919d-5c7911fff515_gaCZCgM-_N
۶۰ متر عروسک منطقه,9800000000,60.0,سبلان (لشگر),4.0,1397.0,1.0,https://divar.ir/v/%DB%B6%DB%B0-%D9%85%D8%AA%D8%B1-%D8%B9%D8%B1%D9%88%D8%B3%DA%A9-%D9%85%D9%86%D8%B7%D9%82%D9%87/ga3lyj8u?tracker_session_id=b7595e75-98b5-4efc-919d-5c7911fff515_ga3lyj8u_N
۵۵متر بر اصلی * تک واحدی نما تراورتن * تک بازدید,6500000000,55.0,امام زاده عبدالله,3.0,1390.0,2.0,https://divar.ir/v/%DB%B5%DB%B5%D9%85%D8%AA%D8%B1-%D8%A8%D8%B1-%D8%A7%D8%B5%D9%84%DB%8C-%D8%AA%DA%A9-%D9%88%D8%A7%D8%AD%D8%AF%DB%8C-%D9%86%D9%85%D8%A7-%D8%AA%D8%B1%D8%A7%D9%88%D8%B1%D8%AA%D9%86-%D8%AA%DA%A9-%D8%A8%D8%A7%D8%B2%D8%AF%DB%8C%D8%AF/ga1tOW_3?tracker_session_id=b7595e75-98b5-4efc-919d-5c7911fff515_ga1tOW_3_N
۶۲متر/ فول امکانات / کاشانی/ موقعیت بینظیر,10700000000,62.0,دکتر هوشیار,2.0,1388.0,2.0,https://divar.ir/v/%DB%B6%DB%B2%D9%85%D8%AA%D8%B1-%D9%81%D9%88%D9%84-%D8%A7%D9%85%DA%A9%D8%A7%D9%86%D8%A7%D8%AA-%DA%A9%D8%A7%D8%B4%D8%A7%D9%86%DB%8C-%D9%85%D9%88%D9%82%D8%B9%DB%8C%D8%AA-%D8%A8%DB%8C%D9%86%D8%B8%DB%8C%D8%B1/ga0Bnawe?tracker_session_id=b7595e75-98b5-4efc-919d-5c7911fff515_ga0Bnawe_N
145متری *3خواب *تک واحدی *فول امکانات *طرشت,27500000000,145.0,طرشت,5.0,1395.0,3.0,https://divar.ir/v/145%D9%85%D8%AA%D8%B1%DB%8C-3%D8%AE%D9%88%D8%A7%D8%A8-%D8%AA%DA%A9-%D9%88%D8%A7%D8%AD%D8%AF%DB%8C-%D9%81%D9%88%D9%84-%D8%A7%D9%85%DA%A9%D8%A7%D9%86%D8%A7%D8%AA-%D8%B7%D8%B1%D8%B4%D8%AA/ga3hSuCO?tracker_session_id=b7595e75-98b5-4efc-919d-5c7911fff515_ga3hSuCO_N
آپارتمان۶۲متری/تکواحدی/دوخواب/سلسبیل,9300000000,62.0,سلسبیل جنوبی,4.0,1394.0,2.0,https://divar.ir/v/%D8%A2%D9%BE%D8%A7%D8%B1%D8%AA%D9%85%D8%A7%D9%86%DB%B6%DB%B2%D9%85%D8%AA%D8%B1%DB%8C-%D8%AA%DA%A9%D9%88%D8%A7%D8%AD%D8%AF%DB%8C-%D8%AF%D9%88%D8%AE%D9%88%D8%A7%D8%A8-%D8%B3%D9%84%D8%B3%D8%A8%DB%8C%D9%84/ga2peFl_?tracker_session_id=b7595e75-98b5-4efc-919d-5c7911fff515_ga2peFl__N
سپهر۱۶۵متر۳خوابه فول تک واحد,75000000000,165.0,ایوانک,2.0,1399.0,3.0,https://divar.ir/v/%D8%B3%D9%BE%D9%87%D8%B1%DB%B1%DB%B6%DB%B5%D9%85%D8%AA%D8%B1%DB%B3%D8%AE%D9%88%D8%A7%D8%A8%D9%87-%D9%81%D9%88%D9%84-%D8%AA%DA%A9-%D9%88%D8%A7%D8%AD%D8%AF/ga3lCYoR?tracker_session_id=b7595e75-98b5-4efc-919d-5c7911fff515_ga3lCYoR_N
تکواحدی 120متر 3خوابه,21000000000,120.0,شهرآرا,3.0,1372.0,3.0,https://divar.ir/v/%D8%AA%DA%A9%D9%88%D8%A7%D8%AD%D8%AF%DB%8C-120%D9%85%D8%AA%D8%B1-3%D8%AE%D9%88%D8%A7%D8%A8%D9%87/gaoMCzKS?tracker_session_id=b7595e75-98b5-4efc-919d-5c7911fff515_gaoMCzKS_N
185مــ اصالت و ژونالی پلاکِ طلایی منطقه,66000000000,185.0,جنت‌آباد مرکزی,1.0,1405.0,3.0,https://divar.ir/v/185%D9%85%D9%80%D9%80-%D8%A7%D8%B5%D8%A7%D9%84%D8%AA-%D9%88-%DA%98%D9%88%D9%86%D8%A7%D9%84%DB%8C-%D9%BE%D9%84%D8%A7%DA%A9%D9%90-%D8%B7%D9%84%D8%A7%DB%8C%DB%8C-%D9%85%D9%86%D8%B7%D9%82%D9%87/gakpFVIH?tracker_session_id=b7595e75-98b5-4efc-919d-5c7911fff515_gakpFVIH_N
۷۱متر/۲خواب/فول/عروسک,14200000000,71.0,سبلان (لشگر),4.0,1405.0,2.0,https://divar.ir/v/%DB%B7%DB%B1%D9%85%D8%AA%D8%B1-%DB%B2%D8%AE%D9%88%D8%A7%D8%A8-%D9%81%D9%88%D9%84-%D8%B9%D8%B1%D9%88%D8%B3%DA%A9/gaTRailK?tracker_session_id=b7595e75-98b5-4efc-919d-5c7911fff515_gaTRailK_N
50مترتک خواب/گل طبقات /تخلیه/خوشگل,6150000000,50.0,سلسبیل جنوبی,3.0,1383.0,1.0,https://divar.ir/v/50%D9%85%D8%AA%D8%B1%D8%AA%DA%A9-%D8%AE%D9%88%D8%A7%D8%A8-%DA%AF%D9%84-%D8%B7%D8%A8%D9%82%D8%A7%D8%AA-%D8%AA%D8%AE%D9%84%DB%8C%D9%87-%D8%AE%D9%88%D8%B4%DA%AF%D9%84/ga39R13A?tracker_session_id=b7595e75-98b5-4efc-919d-5c7911fff515_ga39R13A_N
47 متر / خوش نقشه /پاسیو دار/خوش مالک اشتر,6100000000,47.0,سلسبیل جنوبی,4.0,1378.0,1.0,https://divar.ir/v/47-%D9%85%D8%AA%D8%B1-%D8%AE%D9%88%D8%B4-%D9%86%D9%82%D8%B4%D9%87-%D9%BE%D8%A7%D8%B3%DB%8C%D9%88-%D8%AF%D8%A7%D8%B1-%D8%AE%D9%88%D8%B4-%D9%85%D8%A7%D9%84%DA%A9-%D8%A7%D8%B4%D8%AA%D8%B1/ga2FPceu?tracker_session_id=b7595e75-98b5-4efc-919d-5c7911fff515_ga2FPceu_N
۱۰۰متر / پرده خور ۱۰ واحد / فول امکانات فول گرانیت,26500000000,100.0,سازمان آب,1.0,1389.0,2.0,https://divar.ir/v/%DB%B1%DB%B0%DB%B0%D9%85%D8%AA%D8%B1-%D9%BE%D8%B1%D8%AF%D9%87-%D8%AE%D9%88%D8%B1-%DB%B1%DB%B0-%D9%88%D8%A7%D8%AD%D8%AF-%D9%81%D9%88%D9%84-%D8%A7%D9%85%DA%A9%D8%A7%D9%86%D8%A7%D8%AA-%D9%81%D9%88%D9%84-%DA%AF%D8%B1%D8%A7%D9%86%DB%8C%D8%AA/ga3lSTgR?tracker_session_id=b7595e75-98b5-4efc-919d-5c7911fff515_ga3lSTgR_N
145 متر / 3خواب / فول امکانات / زیر قیمت منطقه,28900000000,145.0,صادقیه,2.0,1384.0,3.0,https://divar.ir/v/145-%D9%85%D8%AA%D8%B1-3%D8%AE%D9%88%D8%A7%D8%A8-%D9%81%D9%88%D9%84-%D8%A7%D9%85%DA%A9%D8%A7%D9%86%D8%A7%D8%AA-%D8%B2%DB%8C%D8%B1-%D9%82%DB%8C%D9%85%D8%AA-%D9%85%D9%86%D8%B7%D9%82%D9%87/ga3lSTfY?tracker_session_id=b7595e75-98b5-4efc-919d-5c7911fff515_ga3lSTfY_N
۳۵متری+حیاط اختصاصی/خوش‌نقشه,4500000000,35.0,هفت چنار,1.0,1385.0,1.0,https://divar.ir/v/%DB%B3%DB%B5%D9%85%D8%AA%D8%B1%DB%8C-%D8%AD%DB%8C%D8%A7%D8%B7-%D8%A7%D8%AE%D8%AA%D8%B5%D8%A7%D8%B5%DB%8C-%D8%AE%D9%88%D8%B4-%D9%86%D9%82%D8%B4%D9%87/ga3xBhRd?tracker_session_id=b7595e75-98b5-4efc-919d-5c7911fff515_ga3xBhRd_N
۵۶متری/با امکانات/خوش‌نقشه/خوش‌قیمت/تقوی,8500000000,56.0,کرمان,1.0,1385.0,1.0,https://divar.ir/v/%DB%B5%DB%B6%D9%85%D8%AA%D8%B1%DB%8C-%D8%A8%D8%A7-%D8%A7%D9%85%DA%A9%D8%A7%D9%86%D8%A7%D8%AA-%D8%AE%D9%88%D8%B4-%D9%86%D9%82%D8%B4%D9%87-%D8%AE%D9%88%D8%B4-%D9%82%DB%8C%D9%85%D8%AA-%D8%AA%D9%82%D9%88%DB%8C/ga3lyU39?tracker_session_id=b7595e75-98b5-4efc-919d-5c7911fff515_ga3lyU39_N
۱۳۰متر/عقیلی/بهترین پروژه منطقه,54000000000,130.0,هروی,2.0,1404.0,2.0,https://divar.ir/v/%DB%B1%DB%B3%DB%B0%D9%85%D8%AA%D8%B1-%D8%B9%D9%82%DB%8C%D9%84%DB%8C-%D8%A8%D9%87%D8%AA%D8%B1%DB%8C%D9%86-%D9%BE%D8%B1%D9%88%DA%98%D9%87-%D9%85%D9%86%D8%B7%D9%82%D9%87/gahRti6O?tracker_session_id=b7595e75-98b5-4efc-919d-5c7911fff515_gahRti6O_N
آپارتمان ۵۲ متری با پارکینک سندی,9400000000,52.0,آبشار,3.0,1395.0,1.0,https://divar.ir/v/%D8%A2%D9%BE%D8%A7%D8%B1%D8%AA%D9%85%D8%A7%D9%86-%DB%B5%DB%B2-%D9%85%D8%AA%D8%B1%DB%8C-%D8%A8%D8%A7-%D9%BE%D8%A7%D8%B1%DA%A9%DB%8C%D9%86%DA%A9-%D8%B3%D9%86%D8%AF%DB%8C/ga39Bjfc?tracker_session_id=ea4f2a8c-10f7-46e9-888e-8887426c37dd_ga39Bjfc_N
آپارتمان ۶۵ متری فول بازسازی,10500000000,65.0,آبشار,2.0,1385.0,2.0,https://divar.ir/v/%D8%A2%D9%BE%D8%A7%D8%B1%D8%AA%D9%85%D8%A7%D9%86-%DB%B6%DB%B5-%D9%85%D8%AA%D8%B1%DB%8C-%D9%81%D9%88%D9%84-%D8%A8%D8%A7%D8%B2%D8%B3%D8%A7%D8%B2%DB%8C/ga2lPdRM?tracker_session_id=ea4f2a8c-10f7-46e9-888e-8887426c37dd_ga2lPdRM_N
آپارتمان ۵۴ متری خوش نقشه ، غرق نور ، منطقه ۱۲,8640000000,54.0,آبشار,1.0,1379.0,1.0,https://divar.ir/v/%D8%A2%D9%BE%D8%A7%D8%B1%D8%AA%D9%85%D8%A7%D9%86-%DB%B5%DB%B4-%D9%85%D8%AA%D8%B1%DB%8C-%D8%AE%D9%88%D8%B4-%D9%86%D9%82%D8%B4%D9%87-%D8%BA%D8%B1%D9%82-%D9%86%D9%88%D8%B1-%D9%85%D9%86%D8%B7%D9%82%D9%87-%DB%B1%DB%B2/gagVv4TN?tracker_session_id=ea4f2a8c-10f7-46e9-888e-8887426c37dd_gagVv4TN_N
۱۰۸ متری ، تک واحدی ، دو خوابه ، فول ، امین حضور,15700000000,108.0,آبشار,1.0,1395.0,2.0,https://divar.ir/v/%DB%B1%DB%B0%DB%B8-%D9%85%D8%AA%D8%B1%DB%8C-%D8%AA%DA%A9-%D9%88%D8%A7%D8%AD%D8%AF%DB%8C-%D8%AF%D9%88-%D8%AE%D9%88%D8%A7%D8%A8%D9%87-%D9%81%D9%88%D9%84-%D8%A7%D9%85%DB%8C%D9%86-%D8%AD%D8%B6%D9%88%D8%B1/gacpa_ck?tracker_session_id=ea4f2a8c-10f7-46e9-888e-8887426c37dd_gacpa_ck_N
۶۰ متری ، دو خوابه ، بازسازی شده ، سرمایه‌گذاری,6700000000,60.0,آبشار,3.0,1386.0,2.0,https://divar.ir/v/%DB%B6%DB%B0-%D9%85%D8%AA%D8%B1%DB%8C-%D8%AF%D9%88-%D8%AE%D9%88%D8%A7%D8%A8%D9%87-%D8%A8%D8%A7%D8%B2%D8%B3%D8%A7%D8%B2%DB%8C-%D8%B4%D8%AF%D9%87-%D8%B3%D8%B1%D9%85%D8%A7%DB%8C%D9%87-%DA%AF%D8%B0%D8%A7%D8%B1%DB%8C/ga2J_07h?tracker_session_id=ea4f2a8c-10f7-46e9-888e-8887426c37dd_ga2J_07h_N
۱۴۰ متر نوساز کلید نخورده,28000000000,140.0,آبشار,6.0,1405.0,3.0,https://divar.ir/v/%DB%B1%DB%B4%DB%B0-%D9%85%D8%AA%D8%B1-%D9%86%D9%88%D8%B3%D8%A7%D8%B2-%DA%A9%D9%84%DB%8C%D8%AF-%D9%86%D8%AE%D9%88%D8%B1%D8%AF%D9%87/ga2R-bTb?tracker_session_id=ea4f2a8c-10f7-46e9-888e-8887426c37dd_ga2R-bTb_N
آپارتمان ۱۰۰ متری سه خوابه,22000000000,100.0,آبشار,5.0,1405.0,3.0,https://divar.ir/v/%D8%A2%D9%BE%D8%A7%D8%B1%D8%AA%D9%85%D8%A7%D9%86-%DB%B1%DB%B0%DB%B0-%D9%85%D8%AA%D8%B1%DB%8C-%D8%B3%D9%87-%D8%AE%D9%88%D8%A7%D8%A8%D9%87/ga21sKHq?tracker_session_id=ea4f2a8c-10f7-46e9-888e-8887426c37dd_ga21sKHq_N
آپارتمان ۶۰ متر ۱ خوابه فول امکانات,9200000000,60.0,آبشار,3.0,1393.0,1.0,https://divar.ir/v/%D8%A2%D9%BE%D8%A7%D8%B1%D8%AA%D9%85%D8%A7%D9%86-%DB%B6%DB%B0-%D9%85%D8%AA%D8%B1-%DB%B1-%D8%AE%D9%88%D8%A7%D8%A8%D9%87-%D9%81%D9%88%D9%84-%D8%A7%D9%85%DA%A9%D8%A7%D9%86%D8%A7%D8%AA/gazlhkTa?tracker_session_id=ea4f2a8c-10f7-46e9-888e-8887426c37dd_gazlhkTa_N
78متر*دوخواب*fool امکانات*صفر تاصدبازسازی,10800000000,78.0,آبشار,4.0,1390.0,2.0,https://divar.ir/v/78%D9%85%D8%AA%D8%B1-%D8%AF%D9%88%D8%AE%D9%88%D8%A7%D8%A8-fool-%D8%A7%D9%85%DA%A9%D8%A7%D9%86%D8%A7%D8%AA-%D8%B5%D9%81%D8%B1-%D8%AA%D8%A7%D8%B5%D8%AF%D8%A8%D8%A7%D8%B2%D8%B3%D8%A7%D8%B2%DB%8C/gay9vPUJ?tracker_session_id=ea4f2a8c-10f7-46e9-888e-8887426c37dd_gay9vPUJ_N
آبشار ۹۷متر دوخواب تک واحدی,17300000000,97.0,آبشار,1.0,1392.0,2.0,https://divar.ir/v/%D8%A2%D8%A8%D8%B4%D8%A7%D8%B1-%DB%B9%DB%B7%D9%85%D8%AA%D8%B1-%D8%AF%D9%88%D8%AE%D9%88%D8%A7%D8%A8-%D8%AA%DA%A9-%D9%88%D8%A7%D8%AD%D8%AF%DB%8C/gaARLkaX?tracker_session_id=ea4f2a8c-10f7-46e9-888e-8887426c37dd_gaARLkaX_N
آپارتمان ۸۳ متری نوساز، کلیدنخورده ، فول امکانات,13700000000,83.0,آبشار,1.0,1405.0,2.0,https://divar.ir/v/%D8%A2%D9%BE%D8%A7%D8%B1%D8%AA%D9%85%D8%A7%D9%86-%DB%B8%DB%B3-%D9%85%D8%AA%D8%B1%DB%8C-%D9%86%D9%88%D8%B3%D8%A7%D8%B2-%DA%A9%D9%84%DB%8C%D8%AF%D9%86%D8%AE%D9%88%D8%B1%D8%AF%D9%87-%D9%81%D9%88%D9%84-%D8%A7%D9%85%DA%A9%D8%A7%D9%86%D8%A7%D8%AA/gawNbokO?tracker_session_id=ea4f2a8c-10f7-46e9-888e-8887426c37dd_gawNbokO_N
۷۲متری/دوخوابه/فول امکانات,9200000000,72.0,آبشار,3.0,1397.0,2.0,https://divar.ir/v/%DB%B7%DB%B2%D9%85%D8%AA%D8%B1%DB%8C-%D8%AF%D9%88%D8%AE%D9%88%D8%A7%D8%A8%D9%87-%D9%81%D9%88%D9%84-%D8%A7%D9%85%DA%A9%D8%A7%D9%86%D8%A7%D8%AA/gaw57HUg?tracker_session_id=ea4f2a8c-10f7-46e9-888e-8887426c37dd_gaw57HUg_N
آپارتمان ۱۰۳ متری خیابان دردار,14000000000,103.0,آبشار,2.0,1380.0,2.0,https://divar.ir/v/%D8%A2%D9%BE%D8%A7%D8%B1%D8%AA%D9%85%D8%A7%D9%86-%DB%B1%DB%B0%DB%B3-%D9%85%D8%AA%D8%B1%DB%8C-%D8%AE%DB%8C%D8%A7%D8%A8%D8%A7%D9%86-%D8%AF%D8%B1%D8%AF%D8%A7%D8%B1/gaD5GB4u?tracker_session_id=ea4f2a8c-10f7-46e9-888e-8887426c37dd_gaD5GB4u_N
فروش اپارتمان ۸۰ متری,12800000000,80.0,آبشار,3.0,1405.0,2.0,https://divar.ir/v/%D9%81%D8%B1%D9%88%D8%B4-%D8%A7%D9%BE%D8%A7%D8%B1%D8%AA%D9%85%D8%A7%D9%86-%DB%B8%DB%B0-%D9%85%D8%AA%D8%B1%DB%8C/gawJ7Z6D?tracker_session_id=ea4f2a8c-10f7-46e9-888e-8887426c37dd_gawJ7Z6D_N
۹۰متر خوش نقشه,10000000000,90.0,آبشار,3.0,1389.0,2.0,https://divar.ir/v/%DB%B9%DB%B0%D9%85%D8%AA%D8%B1-%D8%AE%D9%88%D8%B4-%D9%86%D9%82%D8%B4%D9%87/gawVIHKI?tracker_session_id=ea4f2a8c-10f7-46e9-888e-8887426c37dd_gawVIHKI_N
اپارتمان تک واحدی ۹۰متری,11700000000,90.0,آبشار,3.0,1387.0,2.0,https://divar.ir/v/%D8%A7%D9%BE%D8%A7%D8%B1%D8%AA%D9%85%D8%A7%D9%86-%D8%AA%DA%A9-%D9%88%D8%A7%D8%AD%D8%AF%DB%8C-%DB%B9%DB%B0%D9%85%D8%AA%D8%B1%DB%8C/gaptHA6X?tracker_session_id=ea4f2a8c-10f7-46e9-888e-8887426c37dd_gaptHA6X_N
82متردوخوابه وفایی برومند صفری تک واحد,11500000000,82.0,آبشار,2.0,1387.0,2.0,https://divar.ir/v/82%D9%85%D8%AA%D8%B1%D8%AF%D9%88%D8%AE%D9%88%D8%A7%D8%A8%D9%87-%D9%88%D9%81%D8%A7%DB%8C%DB%8C-%D8%A8%D8%B1%D9%88%D9%85%D9%86%D8%AF-%D8%B5%D9%81%D8%B1%DB%8C-%D8%AA%DA%A9-%D9%88%D8%A7%D8%AD%D8%AF/gaotM1EM?tracker_session_id=ea4f2a8c-10f7-46e9-888e-8887426c37dd_gaotM1EM_N
۱۰۰ متر سه خوابه,19000000000,100.0,آبشار,5.0,1405.0,3.0,https://divar.ir/v/%DB%B1%DB%B0%DB%B0-%D9%85%D8%AA%D8%B1-%D8%B3%D9%87-%D8%AE%D9%88%D8%A7%D8%A8%D9%87/ganxLz35?tracker_session_id=ea4f2a8c-10f7-46e9-888e-8887426c37dd_ganxLz35_N
۱۵۰ متر تک واحدی/۳ سال ساخت/دو نبش/سند تک برگ,27000000000,150.0,آبشار,1.0,1402.0,3.0,https://divar.ir/v/%DB%B1%DB%B5%DB%B0-%D9%85%D8%AA%D8%B1-%D8%AA%DA%A9-%D9%88%D8%A7%D8%AD%D8%AF%DB%8C-%DB%B3-%D8%B3%D8%A7%D9%84-%D8%B3%D8%A7%D8%AE%D8%AA-%D8%AF%D9%88-%D9%86%D8%A8%D8%B4-%D8%B3%D9%86%D8%AF-%D8%AA%DA%A9-%D8%A8%D8%B1%DA%AF/gantUCpY?tracker_session_id=ea4f2a8c-10f7-46e9-888e-8887426c37dd_gantUCpY_N
آپارتمان ۱۱۵ متری/۲واحدی/سرگرد محبی,25500000000,115.0,آبشار,6.0,1405.0,2.0,https://divar.ir/v/%D8%A2%D9%BE%D8%A7%D8%B1%D8%AA%D9%85%D8%A7%D9%86-%DB%B1%DB%B1%DB%B5-%D9%85%D8%AA%D8%B1%DB%8C-%DB%B2%D9%88%D8%A7%D8%AD%D8%AF%DB%8C-%D8%B3%D8%B1%DA%AF%D8%B1%D8%AF-%D9%85%D8%AD%D8%A8%DB%8C/ganVjU9s?tracker_session_id=ea4f2a8c-10f7-46e9-888e-8887426c37dd_ganVjU9s_N
فروش آپارتمان۹۳م بر خیابان ۱۷ شهریور,10000000000,93.0,آبشار,1.0,1375.0,2.0,https://divar.ir/v/%D9%81%D8%B1%D9%88%D8%B4-%D8%A2%D9%BE%D8%A7%D8%B1%D8%AA%D9%85%D8%A7%D9%86%DB%B9%DB%B3%D9%85-%D8%A8%D8%B1-%D8%AE%DB%8C%D8%A7%D8%A8%D8%A7%D9%86-%DB%B1%DB%B7-%D8%B4%D9%87%D8%B1%DB%8C%D9%88%D8%B1/gagZGR1v?tracker_session_id=ea4f2a8c-10f7-46e9-888e-8887426c37dd_gagZGR1v_N
آپارتمان ۶۰ متری دو خوابه,8000000000,60.0,آبشار,2.0,1394.0,2.0,https://divar.ir/v/%D8%A2%D9%BE%D8%A7%D8%B1%D8%AA%D9%85%D8%A7%D9%86-%DB%B6%DB%B0-%D9%85%D8%AA%D8%B1%DB%8C-%D8%AF%D9%88-%D8%AE%D9%88%D8%A7%D8%A8%D9%87/gafxitnW?tracker_session_id=ea4f2a8c-10f7-46e9-888e-8887426c37dd_gafxitnW_N
آپارتمان ۸۰ متر نوساز ۲ خوابه فول امکانات آبشار,13600000000,80.0,آبشار,5.0,1405.0,2.0,https://divar.ir/v/%D8%A2%D9%BE%D8%A7%D8%B1%D8%AA%D9%85%D8%A7%D9%86-%DB%B8%DB%B0-%D9%85%D8%AA%D8%B1-%D9%86%D9%88%D8%B3%D8%A7%D8%B2-%DB%B2-%D8%AE%D9%88%D8%A7%D8%A8%D9%87-%D9%81%D9%88%D9%84-%D8%A7%D9%85%DA%A9%D8%A7%D9%86%D8%A7%D8%AA-%D8%A2%D8%A8%D8%B4%D8%A7%D8%B1/gabJ0dfq?tracker_session_id=ea4f2a8c-10f7-46e9-888e-8887426c37dd_gabJ0dfq_N
82 متر + 32 متر سوییت + ۶۰ متر حیاط اختصاصی,13800000000,82.0,آبشار,3.0,1370.0,3.0,https://divar.ir/v/82-%D9%85%D8%AA%D8%B1-32-%D9%85%D8%AA%D8%B1-%D8%B3%D9%88%DB%8C%DB%8C%D8%AA-%DB%B6%DB%B0-%D9%85%D8%AA%D8%B1-%D8%AD%DB%8C%D8%A7%D8%B7-%D8%A7%D8%AE%D8%AA%D8%B5%D8%A7%D8%B5%DB%8C/gadRuLax?tracker_session_id=ea4f2a8c-10f7-46e9-888e-8887426c37dd_gadRuLax_N
۴۵متر / فول بازسازی شده / بدون مشابه در منطقه,5760000000,45.0,آبشار,2.0,1384.0,1.0,https://divar.ir/v/%DB%B4%DB%B5%D9%85%D8%AA%D8%B1-%D9%81%D9%88%D9%84-%D8%A8%D8%A7%D8%B2%D8%B3%D8%A7%D8%B2%DB%8C-%D8%B4%D8%AF%D9%87-%D8%A8%D8%AF%D9%88%D9%86-%D9%85%D8%B4%D8%A7%D8%A8%D9%87-%D8%AF%D8%B1-%D9%85%D9%86%D8%B7%D9%82%D9%87/gac1XsoM?tracker_session_id=ea4f2a8c-10f7-46e9-888e-8887426c37dd_gac1XsoM_N
67متر * 2خواب * آسانسور / انباری * سند تک برگ,7680000000,67.0,آبشار,5.0,1385.0,2.0,https://divar.ir/v/67%D9%85%D8%AA%D8%B1-2%D8%AE%D9%88%D8%A7%D8%A8-%D8%A2%D8%B3%D8%A7%D9%86%D8%B3%D9%88%D8%B1-%D8%A7%D9%86%D8%A8%D8%A7%D8%B1%DB%8C-%D8%B3%D9%86%D8%AF-%D8%AA%DA%A9-%D8%A8%D8%B1%DA%AF/gacBI3eI?tracker_session_id=ea4f2a8c-10f7-46e9-888e-8887426c37dd_gacBI3eI_N
۶۵ متری با پارکینگ در محله آبشار,7800000000,65.0,آبشار,4.0,1380.0,1.0,https://divar.ir/v/%DB%B6%DB%B5-%D9%85%D8%AA%D8%B1%DB%8C-%D8%A8%D8%A7-%D9%BE%D8%A7%D8%B1%DA%A9%DB%8C%D9%86%DA%AF-%D8%AF%D8%B1-%D9%85%D8%AD%D9%84%D9%87-%D8%A2%D8%A8%D8%B4%D8%A7%D8%B1/gac1M8N9?tracker_session_id=ea4f2a8c-10f7-46e9-888e-8887426c37dd_gac1M8N9_N
فروش اپارتمان ۱۰۰متر,17000000000,100.0,آبشار,1.0,1398.0,2.0,https://divar.ir/v/%D9%81%D8%B1%D9%88%D8%B4-%D8%A7%D9%BE%D8%A7%D8%B1%D8%AA%D9%85%D8%A7%D9%86-%DB%B1%DB%B0%DB%B0%D9%85%D8%AA%D8%B1/gacx4lCz?tracker_session_id=ea4f2a8c-10f7-46e9-888e-8887426c37dd_gacx4lCz_N
آپارتمان ۶۵ متر,8300000000,65.0,آبشار,1.0,1389.0,1.0,https://divar.ir/v/%D8%A2%D9%BE%D8%A7%D8%B1%D8%AA%D9%85%D8%A7%D9%86-%DB%B6%DB%B5-%D9%85%D8%AA%D8%B1/gabZU1C8?tracker_session_id=ea4f2a8c-10f7-46e9-888e-8887426c37dd_gabZU1C8_N
۷۸ متری در آبشار,9500000000,78.0,آبشار,1.0,1378.0,2.0,https://divar.ir/v/%DB%B7%DB%B8-%D9%85%D8%AA%D8%B1%DB%8C-%D8%AF%D8%B1-%D8%A2%D8%A8%D8%B4%D8%A7%D8%B1/gaaBhQRM?tracker_session_id=ea4f2a8c-10f7-46e9-888e-8887426c37dd_gaaBhQRM_N
۷۲ متری دو نبش ، نورخور ، آبشار ، خیابان دولو,8000000000,72.0,آبشار,3.0,1386.0,1.0,https://divar.ir/v/%DB%B7%DB%B2-%D9%85%D8%AA%D8%B1%DB%8C-%D8%AF%D9%88-%D9%86%D8%A8%D8%B4-%D9%86%D9%88%D8%B1%D8%AE%D9%88%D8%B1-%D8%A2%D8%A8%D8%B4%D8%A7%D8%B1-%D8%AE%DB%8C%D8%A7%D8%A8%D8%A7%D9%86-%D8%AF%D9%88%D9%84%D9%88/gaSxRNEZ?tracker_session_id=ea4f2a8c-10f7-46e9-888e-8887426c37dd_gaSxRNEZ_N
پیروزی شکوفه/۹۲ متر/پارکینگ/اسانسور,17900000000,92.0,شکوفه,4.0,1387.0,2.0,https://divar.ir/v/%D9%BE%DB%8C%D8%B1%D9%88%D8%B2%DB%8C-%D8%B4%DA%A9%D9%88%D9%81%D9%87-%DB%B9%DB%B2-%D9%85%D8%AA%D8%B1-%D9%BE%D8%A7%D8%B1%DA%A9%DB%8C%D9%86%DA%AF-%D8%A7%D8%B3%D8%A7%D9%86%D8%B3%D9%88%D8%B1/gatxuRH8?tracker_session_id=ea4f2a8c-10f7-46e9-888e-8887426c37dd_gatxuRH8_N
۴۵ متر/تکواحدی/نورگیر/ فول بازسازی/پیروزی,6000000000,45.0,شکوفه,4.0,1390.0,1.0,https://divar.ir/v/%DB%B4%DB%B5-%D9%85%D8%AA%D8%B1-%D8%AA%DA%A9%D9%88%D8%A7%D8%AD%D8%AF%DB%8C-%D9%86%D9%88%D8%B1%DA%AF%DB%8C%D8%B1-%D9%81%D9%88%D9%84-%D8%A8%D8%A7%D8%B2%D8%B3%D8%A7%D8%B2%DB%8C-%D9%BE%DB%8C%D8%B1%D9%88%D8%B2%DB%8C/ga2ZuLg1?tracker_session_id=ea4f2a8c-10f7-46e9-888e-8887426c37dd_ga2ZuLg1_N
۷۵ متر/پارکینگ/بلوار قیام,8200000000,75.0,قیام,2.0,1386.0,2.0,https://divar.ir/v/%DB%B7%DB%B5-%D9%85%D8%AA%D8%B1-%D9%BE%D8%A7%D8%B1%DA%A9%DB%8C%D9%86%DA%AF-%D8%A8%D9%84%D9%88%D8%A7%D8%B1-%D9%82%DB%8C%D8%A7%D9%85/gafhhQOO?tracker_session_id=ea4f2a8c-10f7-46e9-888e-8887426c37dd_gafhhQOO_N
فروش فوری ۹۳ متری خوش نقشه صوفیانی,10500000000,93.0,قیام,1.0,1386.0,2.0,https://divar.ir/v/%D9%81%D8%B1%D9%88%D8%B4-%D9%81%D9%88%D8%B1%DB%8C-%DB%B9%DB%B3-%D9%85%D8%AA%D8%B1%DB%8C-%D8%AE%D9%88%D8%B4-%D9%86%D9%82%D8%B4%D9%87-%D8%B5%D9%88%D9%81%DB%8C%D8%A7%D9%86%DB%8C/gaGRMaDD?tracker_session_id=ea4f2a8c-10f7-46e9-888e-8887426c37dd_gaGRMaDD_N
۱۱۵متر،۲خواب(شکوفه بیدهندی)نوساز،پارکینگ آسانسور,27000000000,115.0,شکوفه,3.0,1405.0,2.0,https://divar.ir/v/%DB%B1%DB%B1%DB%B5%D9%85%D8%AA%D8%B1-%DB%B2%D8%AE%D9%88%D8%A7%D8%A8-%D8%B4%DA%A9%D9%88%D9%81%D9%87-%D8%A8%DB%8C%D8%AF%D9%87%D9%86%D8%AF%DB%8C-%D9%86%D9%88%D8%B3%D8%A7%D8%B2-%D9%BE%D8%A7%D8%B1%DA%A9%DB%8C%D9%86%DA%AF-%D8%A2%D8%B3%D8%A7%D9%86%D8%B3%D9%88%D8%B1/ga29CZ9u?tracker_session_id=ea4f2a8c-10f7-46e9-888e-8887426c37dd_ga29CZ9u_N
۹۸متر*دو خواب*تک واحدی,10850000000,98.0,قیام,2.0,1393.0,2.0,https://divar.ir/v/%DB%B9%DB%B8%D9%85%D8%AA%D8%B1-%D8%AF%D9%88-%D8%AE%D9%88%D8%A7%D8%A8-%D8%AA%DA%A9-%D9%88%D8%A7%D8%AD%D8%AF%DB%8C/gaqVAxFv?tracker_session_id=ea4f2a8c-10f7-46e9-888e-8887426c37dd_gaqVAxFv_N
آپارتمان59متر1خ آسانسورشکوفه گیلکی عامری کیامنش,8500000000,59.0,شکوفه,1.0,1394.0,1.0,https://divar.ir/v/%D8%A2%D9%BE%D8%A7%D8%B1%D8%AA%D9%85%D8%A7%D9%8659%D9%85%D8%AA%D8%B11%D8%AE-%D8%A2%D8%B3%D8%A7%D9%86%D8%B3%D9%88%D8%B1%D8%B4%DA%A9%D9%88%D9%81%D9%87-%DA%AF%DB%8C%D9%84%DA%A9%DB%8C-%D8%B9%D8%A7%D9%85%D8%B1%DB%8C-%DA%A9%DB%8C%D8%A7%D9%85%D9%86%D8%B4/gai5jsIr?tracker_session_id=ea4f2a8c-10f7-46e9-888e-8887426c37dd_gai5jsIr_N
۱۰۵متری در قلب شکوفه// فروش فوری,13400000000,105.0,شکوفه,2.0,1380.0,2.0,https://divar.ir/v/%DB%B1%DB%B0%DB%B5%D9%85%D8%AA%D8%B1%DB%8C-%D8%AF%D8%B1-%D9%82%D9%84%D8%A8-%D8%B4%DA%A9%D9%88%D9%81%D9%87-%D9%81%D8%B1%D9%88%D8%B4-%D9%81%D9%88%D8%B1%DB%8C/gajtJiDe?tracker_session_id=ea4f2a8c-10f7-46e9-888e-8887426c37dd_gajtJiDe_N
۴۹ متری ، نورگیر ، خوش نقشه ، عروسک,5200000000,49.0,شکوفه,2.0,1381.0,1.0,https://divar.ir/v/%DB%B4%DB%B9-%D9%85%D8%AA%D8%B1%DB%8C-%D9%86%D9%88%D8%B1%DA%AF%DB%8C%D8%B1-%D8%AE%D9%88%D8%B4-%D9%86%D9%82%D8%B4%D9%87-%D8%B9%D8%B1%D9%88%D8%B3%DA%A9/ga1F90c5?tracker_session_id=ea4f2a8c-10f7-46e9-888e-8887426c37dd_ga1F90c5_N
آپارتمان ۵۸ متری شیک و تمیز - خیابان کرمان غربی,6750000000,58.0,شکوفه,2.0,1385.0,1.0,https://divar.ir/v/%D8%A2%D9%BE%D8%A7%D8%B1%D8%AA%D9%85%D8%A7%D9%86-%DB%B5%DB%B8-%D9%85%D8%AA%D8%B1%DB%8C-%D8%B4%DB%8C%DA%A9-%D9%88-%D8%AA%D9%85%DB%8C%D8%B2-%D8%AE%DB%8C%D8%A7%D8%A8%D8%A7%D9%86-%DA%A9%D8%B1%D9%85%D8%A7%D9%86-%D8%BA%D8%B1%D8%A8%DB%8C/gafxwx0N?tracker_session_id=ea4f2a8c-10f7-46e9-888e-8887426c37dd_gafxwx0N_N
آپارتمان 77متر فول تکواحد شکوفه گیلکی عامری کیامنش,16000000000,77.0,شکوفه,4.0,1402.0,2.0,https://divar.ir/v/%D8%A2%D9%BE%D8%A7%D8%B1%D8%AA%D9%85%D8%A7%D9%86-77%D9%85%D8%AA%D8%B1-%D9%81%D9%88%D9%84-%D8%AA%DA%A9%D9%88%D8%A7%D8%AD%D8%AF-%D8%B4%DA%A9%D9%88%D9%81%D9%87-%DA%AF%DB%8C%D9%84%DA%A9%DB%8C-%D8%B9%D8%A7%D9%85%D8%B1%DB%8C-%DA%A9%DB%8C%D8%A7%D9%85%D9%86%D8%B4/ga0d0IMo?tracker_session_id=ea4f2a8c-10f7-46e9-888e-8887426c37dd_ga0d0IMo_N
فول بازسازی ۷۸ متر جنوبی طبقه اول مترو امیرکبیر,14000000000,78.0,شکوفه,1.0,1383.0,2.0,https://divar.ir/v/%D9%81%D9%88%D9%84-%D8%A8%D8%A7%D8%B2%D8%B3%D8%A7%D8%B2%DB%8C-%DB%B7%DB%B8-%D9%85%D8%AA%D8%B1-%D8%AC%D9%86%D9%88%D8%A8%DB%8C-%D8%B7%D8%A8%D9%82%D9%87-%D8%A7%D9%88%D9%84-%D9%85%D8%AA%D8%B1%D9%88-%D8%A7%D9%85%DB%8C%D8%B1%DA%A9%D8%A8%DB%8C%D8%B1/ga0Nka4i?tracker_session_id=ea4f2a8c-10f7-46e9-888e-8887426c37dd_ga0Nka4i_N
فروش آپارتمان ۱۱۲متر تکواحد خیابان ایران,27000000000,112.0,ایران,4.0,1400.0,2.0,https://divar.ir/v/%D9%81%D8%B1%D9%88%D8%B4-%D8%A2%D9%BE%D8%A7%D8%B1%D8%AA%D9%85%D8%A7%D9%86-%DB%B1%DB%B1%DB%B2%D9%85%D8%AA%D8%B1-%D8%AA%DA%A9%D9%88%D8%A7%D8%AD%D8%AF-%D8%AE%DB%8C%D8%A7%D8%A8%D8%A7%D9%86-%D8%A7%DB%8C%D8%B1%D8%A7%D9%86/gau8EouW?tracker_session_id=ea4f2a8c-10f7-46e9-888e-8887426c37dd_gau8EouW_N
خوش نقشه ، 130متر ، موقعیت عالی,34500000000,130.0,ایران,6.0,1396.0,3.0,https://divar.ir/v/%D8%AE%D9%88%D8%B4-%D9%86%D9%82%D8%B4%D9%87-130%D9%85%D8%AA%D8%B1-%D9%85%D9%88%D9%82%D8%B9%DB%8C%D8%AA-%D8%B9%D8%A7%D9%84%DB%8C/gaiJkCf0?tracker_session_id=ea4f2a8c-10f7-46e9-888e-8887426c37dd_gaiJkCf0_N
۹۱متر سالن پرده خور,12200000000,91.0,ایران,1.0,1390.0,2.0,https://divar.ir/v/%DB%B9%DB%B1%D9%85%D8%AA%D8%B1-%D8%B3%D8%A7%D9%84%D9%86-%D9%BE%D8%B1%D8%AF%D9%87-%D8%AE%D9%88%D8%B1/ga01TSfq?tracker_session_id=ea4f2a8c-10f7-46e9-888e-8887426c37dd_ga01TSfq_N
۷۲متر/۲خواب/فول امکانات/شکوفه خشرو,16600000000,72.0,شکوفه,4.0,1403.0,2.0,https://divar.ir/v/%DB%B7%DB%B2%D9%85%D8%AA%D8%B1-%DB%B2%D8%AE%D9%88%D8%A7%D8%A8-%D9%81%D9%88%D9%84-%D8%A7%D9%85%DA%A9%D8%A7%D9%86%D8%A7%D8%AA-%D8%B4%DA%A9%D9%88%D9%81%D9%87-%D8%AE%D8%B4%D8%B1%D9%88/ga0xDnE9?tracker_session_id=ea4f2a8c-10f7-46e9-888e-8887426c37dd_ga0xDnE9_N
۵۸متر/تک خواب/پیروزی/آسانسور دار/شکوفه,7200000000,58.0,شکوفه,4.0,1382.0,1.0,https://divar.ir/v/%DB%B5%DB%B8%D9%85%D8%AA%D8%B1-%D8%AA%DA%A9-%D8%AE%D9%88%D8%A7%D8%A8-%D9%BE%DB%8C%D8%B1%D9%88%D8%B2%DB%8C-%D8%A2%D8%B3%D8%A7%D9%86%D8%B3%D9%88%D8%B1-%D8%AF%D8%A7%D8%B1-%D8%B4%DA%A9%D9%88%D9%81%D9%87/gaOMcp1N?tracker_session_id=ea4f2a8c-10f7-46e9-888e-8887426c37dd_gaOMcp1N_N
آجودانیه ۳۰۰ متر ۴ خواب,160000000000,300.0,آجودانیه,3.0,1396.0,4.0,https://divar.ir/v/%D8%A2%D8%AC%D9%88%D8%AF%D8%A7%D9%86%DB%8C%D9%87-%DB%B3%DB%B0%DB%B0-%D9%85%D8%AA%D8%B1-%DB%B4-%D8%AE%D9%88%D8%A7%D8%A8/gaw9nCul?tracker_session_id=5fc64907-e812-4e23-b022-a8d836b6a0f9_gaw9nCul_N
۳۰۵ متر ۴ خواب اقدسیه,165000000000,305.0,آجودانیه,4.0,1394.0,4.0,https://divar.ir/v/%DB%B3%DB%B0%DB%B5-%D9%85%D8%AA%D8%B1-%DB%B4-%D8%AE%D9%88%D8%A7%D8%A8-%D8%A7%D9%82%D8%AF%D8%B3%DB%8C%D9%87/gayYaN5T?tracker_session_id=5fc64907-e812-4e23-b022-a8d836b6a0f9_gayYaN5T_N
فروش آپارتمان ۲۰۰ متری کلید نخورده در آجودانیه,120000000000,200.0,آجودانیه,5.0,1405.0,3.0,https://divar.ir/v/%D9%81%D8%B1%D9%88%D8%B4-%D8%A2%D9%BE%D8%A7%D8%B1%D8%AA%D9%85%D8%A7%D9%86-%DB%B2%DB%B0%DB%B0-%D9%85%D8%AA%D8%B1%DB%8C-%DA%A9%D9%84%DB%8C%D8%AF-%D9%86%D8%AE%D9%88%D8%B1%D8%AF%D9%87-%D8%AF%D8%B1-%D8%A2%D8%AC%D9%88%D8%AF%D8%A7%D9%86%DB%8C%D9%87/ga2xtgp7?tracker_session_id=5fc64907-e812-4e23-b022-a8d836b6a0f9_ga2xtgp7_N
آجودانیه/۲۰۰متر/۳خواب مستر/فول‌مشاعات,120000000000,200.0,آجودانیه,3.0,1405.0,3.0,https://divar.ir/v/%D8%A2%D8%AC%D9%88%D8%AF%D8%A7%D9%86%DB%8C%D9%87-%DB%B2%DB%B0%DB%B0%D9%85%D8%AA%D8%B1-%DB%B3%D8%AE%D9%88%D8%A7%D8%A8-%D9%85%D8%B3%D8%AA%D8%B1-%D9%81%D9%88%D9%84-%D9%85%D8%B4%D8%A7%D8%B9%D8%A7%D8%AA/gaXxCS5A?tracker_session_id=5fc64907-e812-4e23-b022-a8d836b6a0f9_gaXxCS5A_N
۱۶۵متر آجودانیه ویو دار,75000000000,165.0,آجودانیه,8.0,1385.0,3.0,https://divar.ir/v/%DB%B1%DB%B6%DB%B5%D9%85%D8%AA%D8%B1-%D8%A2%D8%AC%D9%88%D8%AF%D8%A7%D9%86%DB%8C%D9%87-%D9%88%DB%8C%D9%88-%D8%AF%D8%A7%D8%B1/ga29v5Gn?tracker_session_id=5fc64907-e812-4e23-b022-a8d836b6a0f9_ga29v5Gn_N
۱۸۰ متر آجودانیه / فول آپشن /لوکس و خوش‌نقشه,124860000000,180.0,آجودانیه,5.0,1398.0,3.0,https://divar.ir/v/%DB%B1%DB%B8%DB%B0-%D9%85%D8%AA%D8%B1-%D8%A2%D8%AC%D9%88%D8%AF%D8%A7%D9%86%DB%8C%D9%87-%D9%81%D9%88%D9%84-%D8%A2%D9%BE%D8%B4%D9%86-%D9%84%D9%88%DA%A9%D8%B3-%D9%88-%D8%AE%D9%88%D8%B4-%D9%86%D9%82%D8%B4%D9%87/gaRl-GRD?tracker_session_id=5fc64907-e812-4e23-b022-a8d836b6a0f9_gaRl-GRD_N
اپارتمان ۱۷۰ متر مربع,100000000000,170.0,آجودانیه,2.0,1404.0,3.0,https://divar.ir/v/%D8%A7%D9%BE%D8%A7%D8%B1%D8%AA%D9%85%D8%A7%D9%86-%DB%B1%DB%B7%DB%B0-%D9%85%D8%AA%D8%B1-%D9%85%D8%B1%D8%A8%D8%B9/gawp6KXD?tracker_session_id=5fc64907-e812-4e23-b022-a8d836b6a0f9_gawp6KXD_N
آجودانیه ۲۵۰ متر ساختمان مدرن فول مشاعات,172000000000,250.0,آجودانیه,3.0,1405.0,3.0,https://divar.ir/v/%D8%A2%D8%AC%D9%88%D8%AF%D8%A7%D9%86%DB%8C%D9%87-%DB%B2%DB%B5%DB%B0-%D9%85%D8%AA%D8%B1-%D8%B3%D8%A7%D8%AE%D8%AA%D9%85%D8%A7%D9%86-%D9%85%D8%AF%D8%B1%D9%86-%D9%81%D9%88%D9%84-%D9%85%D8%B4%D8%A7%D8%B9%D8%A7%D8%AA/ga0NDbmG?tracker_session_id=5fc64907-e812-4e23-b022-a8d836b6a0f9_ga0NDbmG_N
آجودانیه ۱۸۵ متر ۳ خواب مستر کلاسیک,98000000000,185.0,آجودانیه,3.0,1394.0,3.0,https://divar.ir/v/%D8%A2%D8%AC%D9%88%D8%AF%D8%A7%D9%86%DB%8C%D9%87-%DB%B1%DB%B8%DB%B5-%D9%85%D8%AA%D8%B1-%DB%B3-%D8%AE%D9%88%D8%A7%D8%A8-%D9%85%D8%B3%D8%AA%D8%B1-%DA%A9%D9%84%D8%A7%D8%B3%DB%8C%DA%A9/ga0RFU-a?tracker_session_id=5fc64907-e812-4e23-b022-a8d836b6a0f9_ga0RFU-a_N
۹۰ متر آجودانیه / فول مشاعات کامل نور مستقیم,52000000000,90.0,آجودانیه,1.0,1396.0,2.0,https://divar.ir/v/%DB%B9%DB%B0-%D9%85%D8%AA%D8%B1-%D8%A2%D8%AC%D9%88%D8%AF%D8%A7%D9%86%DB%8C%D9%87-%D9%81%D9%88%D9%84-%D9%85%D8%B4%D8%A7%D8%B9%D8%A7%D8%AA-%DA%A9%D8%A7%D9%85%D9%84-%D9%86%D9%88%D8%B1-%D9%85%D8%B3%D8%AA%D9%82%DB%8C%D9%85/gal9aKBQ?tracker_session_id=5fc64907-e812-4e23-b022-a8d836b6a0f9_gal9aKBQ_N
فروش آپارتمان 135 متری در آجودانیه,47000000000,135.0,آجودانیه,1.0,1390.0,3.0,https://divar.ir/v/%D9%81%D8%B1%D9%88%D8%B4-%D8%A2%D9%BE%D8%A7%D8%B1%D8%AA%D9%85%D8%A7%D9%86-135-%D9%85%D8%AA%D8%B1%DB%8C-%D8%AF%D8%B1-%D8%A2%D8%AC%D9%88%D8%AF%D8%A7%D9%86%DB%8C%D9%87/galBfS7O?tracker_session_id=5fc64907-e812-4e23-b022-a8d836b6a0f9_galBfS7O_N
آجودانیه/ ۲۰۶ متر برج باغ / طبقه ۱۰,169700000000,206.0,آجودانیه,10.0,1402.0,3.0,https://divar.ir/v/%D8%A2%D8%AC%D9%88%D8%AF%D8%A7%D9%86%DB%8C%D9%87-%DB%B2%DB%B0%DB%B6-%D9%85%D8%AA%D8%B1-%D8%A8%D8%B1%D8%AC-%D8%A8%D8%A7%D8%BA-%D8%B7%D8%A8%D9%82%D9%87-%DB%B1%DB%B0/ganZzJ18?tracker_session_id=5fc64907-e812-4e23-b022-a8d836b6a0f9_ganZzJ18_N
آجودانیه۱۰۰متر۲خواب/دسترسی ایده آل/نورگیرجنوبوشمال,46000000000,100.0,آجودانیه,3.0,1388.0,2.0,https://divar.ir/v/%D8%A2%D8%AC%D9%88%D8%AF%D8%A7%D9%86%DB%8C%D9%87%DB%B1%DB%B0%DB%B0%D9%85%D8%AA%D8%B1%DB%B2%D8%AE%D9%88%D8%A7%D8%A8-%D8%AF%D8%B3%D8%AA%D8%B1%D8%B3%DB%8C-%D8%A7%DB%8C%D8%AF%D9%87-%D8%A2%D9%84-%D9%86%D9%88%D8%B1%DA%AF%DB%8C%D8%B1%D8%AC%D9%86%D9%88%D8%A8%D9%88%D8%B4%D9%85%D8%A7%D9%84/gaz1Mg3U?tracker_session_id=5fc64907-e812-4e23-b022-a8d836b6a0f9_gaz1Mg3U_N
۱۸۰متر آجودانیه ۳خواب مستر,136000000000,180.0,آجودانیه,2.0,1405.0,3.0,https://divar.ir/v/%DB%B1%DB%B8%DB%B0%D9%85%D8%AA%D8%B1-%D8%A2%D8%AC%D9%88%D8%AF%D8%A7%D9%86%DB%8C%D9%87-%DB%B3%D8%AE%D9%88%D8%A7%D8%A8-%D9%85%D8%B3%D8%AA%D8%B1/gazh071F?tracker_session_id=5fc64907-e812-4e23-b022-a8d836b6a0f9_gazh071F_N
اجودانیه ۱۵۰ متر سه خواب فول نوساز,127500000000,150.0,آجودانیه,2.0,1405.0,3.0,https://divar.ir/v/%D8%A7%D8%AC%D9%88%D8%AF%D8%A7%D9%86%DB%8C%D9%87-%DB%B1%DB%B5%DB%B0-%D9%85%D8%AA%D8%B1-%D8%B3%D9%87-%D8%AE%D9%88%D8%A7%D8%A8-%D9%81%D9%88%D9%84-%D9%86%D9%88%D8%B3%D8%A7%D8%B2/gazNjyaS?tracker_session_id=5fc64907-e812-4e23-b022-a8d836b6a0f9_gazNjyaS_N
۱۹۰ متر آجودانیه / فول مشاعات (پلان مهندسی) ۲پ,110000000000,190.0,آجودانیه,4.0,1396.0,3.0,https://divar.ir/v/%DB%B1%DB%B9%DB%B0-%D9%85%D8%AA%D8%B1-%D8%A2%D8%AC%D9%88%D8%AF%D8%A7%D9%86%DB%8C%D9%87-%D9%81%D9%88%D9%84-%D9%85%D8%B4%D8%A7%D8%B9%D8%A7%D8%AA-%D9%BE%D9%84%D8%A7%D9%86-%D9%85%D9%87%D9%86%D8%AF%D8%B3%DB%8C-%DB%B2%D9%BE/gaRdvxxb?tracker_session_id=5fc64907-e812-4e23-b022-a8d836b6a0f9_gaRdvxxb_N
آجودانیه/۲۲۰متر/۳خواب مستر /نوساز,125000000000,220.0,آجودانیه,6.0,1405.0,3.0,https://divar.ir/v/%D8%A2%D8%AC%D9%88%D8%AF%D8%A7%D9%86%DB%8C%D9%87-%DB%B2%DB%B2%DB%B0%D9%85%D8%AA%D8%B1-%DB%B3%D8%AE%D9%88%D8%A7%D8%A8-%D9%85%D8%B3%D8%AA%D8%B1-%D9%86%D9%88%D8%B3%D8%A7%D8%B2/gaKdGPX5?tracker_session_id=5fc64907-e812-4e23-b022-a8d836b6a0f9_gaKdGPX5_N
فروش واحد ۲۲۱متری متریال استثنایی در اجودانیه,170000000000,221.0,آجودانیه,8.0,1403.0,3.0,https://divar.ir/v/%D9%81%D8%B1%D9%88%D8%B4-%D9%88%D8%A7%D8%AD%D8%AF-%DB%B2%DB%B2%DB%B1%D9%85%D8%AA%D8%B1%DB%8C-%D9%85%D8%AA%D8%B1%DB%8C%D8%A7%D9%84-%D8%A7%D8%B3%D8%AA%D8%AB%D9%86%D8%A7%DB%8C%DB%8C-%D8%AF%D8%B1-%D8%A7%D8%AC%D9%88%D8%AF%D8%A7%D9%86%DB%8C%D9%87/gawJp--2?tracker_session_id=5fc64907-e812-4e23-b022-a8d836b6a0f9_gawJp--2_N
آجودانیه ۲۶۵متر ۳تراس بزرگ,130000000000,265.0,آجودانیه,6.0,1390.0,4.0,https://divar.ir/v/%D8%A2%D8%AC%D9%88%D8%AF%D8%A7%D9%86%DB%8C%D9%87-%DB%B2%DB%B6%DB%B5%D9%85%D8%AA%D8%B1-%DB%B3%D8%AA%D8%B1%D8%A7%D8%B3-%D8%A8%D8%B2%D8%B1%DA%AF/gadJ-aES?tracker_session_id=5fc64907-e812-4e23-b022-a8d836b6a0f9_gadJ-aES_N
جواهر آجودانیه ۱۸۵ متری ۳خواب۲۰۰متر قدرالسهم کاسبی,130390000000,185.0,آجودانیه,2.0,1385.0,3.0,https://divar.ir/v/%D8%AC%D9%88%D8%A7%D9%87%D8%B1-%D8%A2%D8%AC%D9%88%D8%AF%D8%A7%D9%86%DB%8C%D9%87-%DB%B1%DB%B8%DB%B5-%D9%85%D8%AA%D8%B1%DB%8C-%DB%B3%D8%AE%D9%88%D8%A7%D8%A8%DB%B2%DB%B0%DB%B0%D9%85%D8%AA%D8%B1-%D9%82%D8%AF%D8%B1%D8%A7%D9%84%D8%B3%D9%87%D9%85-%DA%A9%D8%A7%D8%B3%D8%A8%DB%8C/gawd2sBw?tracker_session_id=5fc64907-e812-4e23-b022-a8d836b6a0f9_gawd2sBw_N
اجودانیه ۲۲۶ متر + ۴۰ متر سوئیت ۳خواب تکواحدی,115000000000,226.0,آجودانیه,3.0,1388.0,3.0,https://divar.ir/v/%D8%A7%D8%AC%D9%88%D8%AF%D8%A7%D9%86%DB%8C%D9%87-%DB%B2%DB%B2%DB%B6-%D9%85%D8%AA%D8%B1-%DB%B4%DB%B0-%D9%85%D8%AA%D8%B1-%D8%B3%D9%88%D8%A6%DB%8C%D8%AA-%DB%B3%D8%AE%D9%88%D8%A7%D8%A8-%D8%AA%DA%A9%D9%88%D8%A7%D8%AD%D8%AF%DB%8C/gaStBlAX?tracker_session_id=5fc64907-e812-4e23-b022-a8d836b6a0f9_gaStBlAX_N
آجودانیه ۱۹۰ متر ۳ خوابه نور ویو شمال و جنوب,111000000000,190.0,آجودانیه,4.0,1398.0,3.0,https://divar.ir/v/%D8%A2%D8%AC%D9%88%D8%AF%D8%A7%D9%86%DB%8C%D9%87-%DB%B1%DB%B9%DB%B0-%D9%85%D8%AA%D8%B1-%DB%B3-%D8%AE%D9%88%D8%A7%D8%A8%D9%87-%D9%86%D9%88%D8%B1-%D9%88%DB%8C%D9%88-%D8%B4%D9%85%D8%A7%D9%84-%D9%88-%D8%AC%D9%86%D9%88%D8%A8/gaw1DfpB?tracker_session_id=5fc64907-e812-4e23-b022-a8d836b6a0f9_gaw1DfpB_N
آجودانیه ۱۸۰ متر بنا ۱۰۱ متر قدرالسهم فروش و تهاطر,70000000000,180.0,آجودانیه,1.0,1382.0,3.0,https://divar.ir/v/%D8%A2%D8%AC%D9%88%D8%AF%D8%A7%D9%86%DB%8C%D9%87-%DB%B1%DB%B8%DB%B0-%D9%85%D8%AA%D8%B1-%D8%A8%D9%86%D8%A7-%DB%B1%DB%B0%DB%B1-%D9%85%D8%AA%D8%B1-%D9%82%D8%AF%D8%B1%D8%A7%D9%84%D8%B3%D9%87%D9%85-%D9%81%D8%B1%D9%88%D8%B4-%D9%88-%D8%AA%D9%87%D8%A7%D8%B7%D8%B1/gaA58MA3?tracker_session_id=5fc64907-e812-4e23-b022-a8d836b6a0f9_gaA58MA3_N
۱۹۱ متر تک واحد زیر قیمت سرمایه گذاری آجودانیه,98000000000,191.0,آجودانیه,4.0,1398.0,3.0,https://divar.ir/v/%DB%B1%DB%B9%DB%B1-%D9%85%D8%AA%D8%B1-%D8%AA%DA%A9-%D9%88%D8%A7%D8%AD%D8%AF-%D8%B2%DB%8C%D8%B1-%D9%82%DB%8C%D9%85%D8%AA-%D8%B3%D8%B1%D9%85%D8%A7%DB%8C%D9%87-%DA%AF%D8%B0%D8%A7%D8%B1%DB%8C-%D8%A2%D8%AC%D9%88%D8%AF%D8%A7%D9%86%DB%8C%D9%87/ganljdCw?tracker_session_id=5fc64907-e812-4e23-b022-a8d836b6a0f9_ganljdCw_N
آجودانیه۱۴۵متر۳خواب/لابی/روف/فرعی دنج مشجر,60000000000,145.0,آجودانیه,1.0,1401.0,3.0,https://divar.ir/v/%D8%A2%D8%AC%D9%88%D8%AF%D8%A7%D9%86%DB%8C%D9%87%DB%B1%DB%B4%DB%B5%D9%85%D8%AA%D8%B1%DB%B3%D8%AE%D9%88%D8%A7%D8%A8-%D9%84%D8%A7%D8%A8%DB%8C-%D8%B1%D9%88%D9%81-%D9%81%D8%B1%D8%B9%DB%8C-%D8%AF%D9%86%D8%AC-%D9%85%D8%B4%D8%AC%D8%B1/gavZdBUY?tracker_session_id=5fc64907-e812-4e23-b022-a8d836b6a0f9_gavZdBUY_N
۱۹۰متر/ سه خواب/ تک واحدی/ آجودانیه,99000000000,190.0,آجودانیه,4.0,1395.0,3.0,https://divar.ir/v/%DB%B1%DB%B9%DB%B0%D9%85%D8%AA%D8%B1-%D8%B3%D9%87-%D8%AE%D9%88%D8%A7%D8%A8-%D8%AA%DA%A9-%D9%88%D8%A7%D8%AD%D8%AF%DB%8C-%D8%A2%D8%AC%D9%88%D8%AF%D8%A7%D9%86%DB%8C%D9%87/gaDVGsC4?tracker_session_id=5fc64907-e812-4e23-b022-a8d836b6a0f9_gaDVGsC4_N
سپند ۱۹۰ متر ۳ خواب ۱ مستر / بازسازی شده,77000000000,190.0,آجودانیه,1.0,1385.0,3.0,https://divar.ir/v/%D8%B3%D9%BE%D9%86%D8%AF-%DB%B1%DB%B9%DB%B0-%D9%85%D8%AA%D8%B1-%DB%B3-%D8%AE%D9%88%D8%A7%D8%A8-%DB%B1-%D9%85%D8%B3%D8%AA%D8%B1-%D8%A8%D8%A7%D8%B2%D8%B3%D8%A7%D8%B2%DB%8C-%D8%B4%D8%AF%D9%87/gaE9OLWm?tracker_session_id=5fc64907-e812-4e23-b022-a8d836b6a0f9_gaE9OLWm_N
۱۷۰متر آجودانیه ۴ پارکینگ با تراس قابل چیدمان,75000000000,170.0,آجودانیه,4.0,1385.0,3.0,https://divar.ir/v/%DB%B1%DB%B7%DB%B0%D9%85%D8%AA%D8%B1-%D8%A2%D8%AC%D9%88%D8%AF%D8%A7%D9%86%DB%8C%D9%87-%DB%B4-%D9%BE%D8%A7%D8%B1%DA%A9%DB%8C%D9%86%DA%AF-%D8%A8%D8%A7-%D8%AA%D8%B1%D8%A7%D8%B3-%D9%82%D8%A7%D8%A8%D9%84-%DA%86%DB%8C%D8%AF%D9%85%D8%A7%D9%86/gavpwjK8?tracker_session_id=5fc64907-e812-4e23-b022-a8d836b6a0f9_gavpwjK8_N
۱۵۰ متر ۳ خواب آجودانیه نوساز مدرن فول مشاعات,100000000000,150.0,آجودانیه,3.0,1404.0,3.0,https://divar.ir/v/%DB%B1%DB%B5%DB%B0-%D9%85%D8%AA%D8%B1-%DB%B3-%D8%AE%D9%88%D8%A7%D8%A8-%D8%A2%D8%AC%D9%88%D8%AF%D8%A7%D9%86%DB%8C%D9%87-%D9%86%D9%88%D8%B3%D8%A7%D8%B2-%D9%85%D8%AF%D8%B1%D9%86-%D9%81%D9%88%D9%84-%D9%85%D8%B4%D8%A7%D8%B9%D8%A7%D8%AA/gauNuR4b?tracker_session_id=5fc64907-e812-4e23-b022-a8d836b6a0f9_gauNuR4b_N
آجودانیه۱۷۰متر۳خواب/مدرن/۳پارکینگ/تاپ لوکیشن,108000000000,170.0,آجودانیه,3.0,1404.0,3.0,https://divar.ir/v/%D8%A2%D8%AC%D9%88%D8%AF%D8%A7%D9%86%DB%8C%D9%87%DB%B1%DB%B7%DB%B0%D9%85%D8%AA%D8%B1%DB%B3%D8%AE%D9%88%D8%A7%D8%A8-%D9%85%D8%AF%D8%B1%D9%86-%DB%B3%D9%BE%D8%A7%D8%B1%DA%A9%DB%8C%D9%86%DA%AF-%D8%AA%D8%A7%D9%BE-%D9%84%D9%88%DA%A9%DB%8C%D8%B4%D9%86/gafJFscU?tracker_session_id=5fc64907-e812-4e23-b022-a8d836b6a0f9_gafJFscU_N
۲۱۰ متر/آجودانیه/کلیدنخورده/غرق نور,159000000000,210.0,آجودانیه,3.0,1403.0,3.0,https://divar.ir/v/%DB%B2%DB%B1%DB%B0-%D9%85%D8%AA%D8%B1-%D8%A2%D8%AC%D9%88%D8%AF%D8%A7%D9%86%DB%8C%D9%87-%DA%A9%D9%84%DB%8C%D8%AF%D9%86%D8%AE%D9%88%D8%B1%D8%AF%D9%87-%D8%BA%D8%B1%D9%82-%D9%86%D9%88%D8%B1/gatJt6ET?tracker_session_id=5fc64907-e812-4e23-b022-a8d836b6a0f9_gatJt6ET_N
100متر/آجودانیه/بازسازی شده/2خواب,55000000000,100.0,آجودانیه,1.0,1394.0,2.0,https://divar.ir/v/100%D9%85%D8%AA%D8%B1-%D8%A2%D8%AC%D9%88%D8%AF%D8%A7%D9%86%DB%8C%D9%87-%D8%A8%D8%A7%D8%B2%D8%B3%D8%A7%D8%B2%DB%8C-%D8%B4%D8%AF%D9%87-2%D8%AE%D9%88%D8%A7%D8%A8/gat5ukmS?tracker_session_id=5fc64907-e812-4e23-b022-a8d836b6a0f9_gat5ukmS_N
۲۴۵ متر مربع,196000000000,245.0,آجودانیه,5.0,1404.0,3.0,https://divar.ir/v/%DB%B2%DB%B4%DB%B5-%D9%85%D8%AA%D8%B1-%D9%85%D8%B1%D8%A8%D8%B9/gatZMYzi?tracker_session_id=5fc64907-e812-4e23-b022-a8d836b6a0f9_gatZMYzi_N
فروش ۱۲۰ متر ۲خواب اکازیون,70000000000,120.0,آجودانیه,2.0,1405.0,2.0,https://divar.ir/v/%D9%81%D8%B1%D9%88%D8%B4-%DB%B1%DB%B2%DB%B0-%D9%85%D8%AA%D8%B1-%DB%B2%D8%AE%D9%88%D8%A7%D8%A8-%D8%A7%DA%A9%D8%A7%D8%B2%DB%8C%D9%88%D9%86/gatJslLu?tracker_session_id=5fc64907-e812-4e23-b022-a8d836b6a0f9_gatJslLu_N
۱۶۷ متر/سه خواب/ آجودانیه,66800000000,167.0,آجودانیه,2.0,1390.0,3.0,https://divar.ir/v/%DB%B1%DB%B6%DB%B7-%D9%85%D8%AA%D8%B1-%D8%B3%D9%87-%D8%AE%D9%88%D8%A7%D8%A8-%D8%A2%D8%AC%D9%88%D8%AF%D8%A7%D9%86%DB%8C%D9%87/gan9CE83?tracker_session_id=5fc64907-e812-4e23-b022-a8d836b6a0f9_gan9CE83_N
۱۹۰ متر ۳ خواب مستر فول اجودانیه,100000000000,190.0,آجودانیه,3.0,1400.0,3.0,https://divar.ir/v/%DB%B1%DB%B9%DB%B0-%D9%85%D8%AA%D8%B1-%DB%B3-%D8%AE%D9%88%D8%A7%D8%A8-%D9%85%D8%B3%D8%AA%D8%B1-%D9%81%D9%88%D9%84-%D8%A7%D8%AC%D9%88%D8%AF%D8%A7%D9%86%DB%8C%D9%87/gattqSQ6?tracker_session_id=5fc64907-e812-4e23-b022-a8d836b6a0f9_gattqSQ6_N
اجودانیه/۱۲۰متر / نوساز مدرن,70000000000,120.0,آجودانیه,2.0,1405.0,2.0,https://divar.ir/v/%D8%A7%D8%AC%D9%88%D8%AF%D8%A7%D9%86%DB%8C%D9%87-%DB%B1%DB%B2%DB%B0%D9%85%D8%AA%D8%B1-%D9%86%D9%88%D8%B3%D8%A7%D8%B2-%D9%85%D8%AF%D8%B1%D9%86/gatFKMZl?tracker_session_id=5fc64907-e812-4e23-b022-a8d836b6a0f9_gatFKMZl_N
۱۵۰ و ۱۹۰ متری آجودانیه نوساز مدرن مشاعات کامل,130000000000,190.0,آجودانیه,3.0,1405.0,3.0,https://divar.ir/v/%DB%B1%DB%B5%DB%B0-%D9%88-%DB%B1%DB%B9%DB%B0-%D9%85%D8%AA%D8%B1%DB%8C-%D8%A2%D8%AC%D9%88%D8%AF%D8%A7%D9%86%DB%8C%D9%87-%D9%86%D9%88%D8%B3%D8%A7%D8%B2-%D9%85%D8%AF%D8%B1%D9%86-%D9%85%D8%B4%D8%A7%D8%B9%D8%A7%D8%AA-%DA%A9%D8%A7%D9%85%D9%84/ganVTxok?tracker_session_id=5fc64907-e812-4e23-b022-a8d836b6a0f9_ganVTxok_N
۱۹۰ متر آجودانیه ۲ پارکینگ/ پلان عالی (فول مشاعات),110000000000,190.0,آجودانیه,4.0,1396.0,3.0,https://divar.ir/v/%DB%B1%DB%B9%DB%B0-%D9%85%D8%AA%D8%B1-%D8%A2%D8%AC%D9%88%D8%AF%D8%A7%D9%86%DB%8C%D9%87-%DB%B2-%D9%BE%D8%A7%D8%B1%DA%A9%DB%8C%D9%86%DA%AF-%D9%BE%D9%84%D8%A7%D9%86-%D8%B9%D8%A7%D9%84%DB%8C-%D9%81%D9%88%D9%84-%D9%85%D8%B4%D8%A7%D8%B9%D8%A7%D8%AA/gantxxbr?tracker_session_id=5fc64907-e812-4e23-b022-a8d836b6a0f9_gantxxbr_N
۱۳۵ متر ۳ خواب / فول امکانات / اقدسیه,45000000000,135.0,آجودانیه,1.0,1390.0,3.0,https://divar.ir/v/%DB%B1%DB%B3%DB%B5-%D9%85%D8%AA%D8%B1-%DB%B3-%D8%AE%D9%88%D8%A7%D8%A8-%D9%81%D9%88%D9%84-%D8%A7%D9%85%DA%A9%D8%A7%D9%86%D8%A7%D8%AA-%D8%A7%D9%82%D8%AF%D8%B3%DB%8C%D9%87/gap1t28B?tracker_session_id=5fc64907-e812-4e23-b022-a8d836b6a0f9_gap1t28B_N
فروش دو واحد به متراژ های 90 و 187 متر در آجودانیه,52500000000,187.0,آجودانیه,5.0,1400.0,2.0,https://divar.ir/v/%D9%81%D8%B1%D9%88%D8%B4-%D8%AF%D9%88-%D9%88%D8%A7%D8%AD%D8%AF-%D8%A8%D9%87-%D9%85%D8%AA%D8%B1%D8%A7%DA%98-%D9%87%D8%A7%DB%8C-90-%D9%88-187-%D9%85%D8%AA%D8%B1-%D8%AF%D8%B1-%D8%A2%D8%AC%D9%88%D8%AF%D8%A7%D9%86%DB%8C%D9%87/gacF5Kii?tracker_session_id=5fc64907-e812-4e23-b022-a8d836b6a0f9_gacF5Kii_N
320 متر سه خواب آجودانیه غرق در نور فول مشاعات,170000000000,320.0,آجودانیه,4.0,1392.0,3.0,https://divar.ir/v/320-%D9%85%D8%AA%D8%B1-%D8%B3%D9%87-%D8%AE%D9%88%D8%A7%D8%A8-%D8%A2%D8%AC%D9%88%D8%AF%D8%A7%D9%86%DB%8C%D9%87-%D8%BA%D8%B1%D9%82-%D8%AF%D8%B1-%D9%86%D9%88%D8%B1-%D9%81%D9%88%D9%84-%D9%85%D8%B4%D8%A7%D8%B9%D8%A7%D8%AA/gap5NqFo?tracker_session_id=5fc64907-e812-4e23-b022-a8d836b6a0f9_gap5NqFo_N
آجودانیه ۲۴۰ متر تکواحدی لوکس,98500000000,240.0,آجودانیه,3.0,1388.0,4.0,https://divar.ir/v/%D8%A2%D8%AC%D9%88%D8%AF%D8%A7%D9%86%DB%8C%D9%87-%DB%B2%DB%B4%DB%B0-%D9%85%D8%AA%D8%B1-%D8%AA%DA%A9%D9%88%D8%A7%D8%AD%D8%AF%DB%8C-%D9%84%D9%88%DA%A9%D8%B3/gaCJyVFv?tracker_session_id=5fc64907-e812-4e23-b022-a8d836b6a0f9_gaCJyVFv_N
آجودانیه ۱۵۰ متر ۳ خواب نوساز ویو ابدی,89000000000,150.0,آجودانیه,5.0,1404.0,3.0,https://divar.ir/v/%D8%A2%D8%AC%D9%88%D8%AF%D8%A7%D9%86%DB%8C%D9%87-%DB%B1%DB%B5%DB%B0-%D9%85%D8%AA%D8%B1-%DB%B3-%D8%AE%D9%88%D8%A7%D8%A8-%D9%86%D9%88%D8%B3%D8%A7%D8%B2-%D9%88%DB%8C%D9%88-%D8%A7%D8%A8%D8%AF%DB%8C/gap9K0M0?tracker_session_id=5fc64907-e812-4e23-b022-a8d836b6a0f9_gap9K0M0_N
۲۱۰متر۳خواب۳جهت نور ۲تراس۲ انبار لابی من آجودانیه,85000000000,210.0,آجودانیه,2.0,1395.0,3.0,https://divar.ir/v/%DB%B2%DB%B1%DB%B0%D9%85%D8%AA%D8%B1%DB%B3%D8%AE%D9%88%D8%A7%D8%A8%DB%B3%D8%AC%D9%87%D8%AA-%D9%86%D9%88%D8%B1-%DB%B2%D8%AA%D8%B1%D8%A7%D8%B3%DB%B2-%D8%A7%D9%86%D8%A8%D8%A7%D8%B1-%D9%84%D8%A7%D8%A8%DB%8C-%D9%85%D9%86-%D8%A2%D8%AC%D9%88%D8%AF%D8%A7%D9%86%DB%8C%D9%87/gafxJvS1?tracker_session_id=5fc64907-e812-4e23-b022-a8d836b6a0f9_gafxJvS1_N
آجودانیه ۱۶۷متر/ ۳ خواب مستر / فول / نوساز,136000000000,167.0,آجودانیه,1.0,1405.0,3.0,https://divar.ir/v/%D8%A2%D8%AC%D9%88%D8%AF%D8%A7%D9%86%DB%8C%D9%87-%DB%B1%DB%B6%DB%B7%D9%85%D8%AA%D8%B1-%DB%B3-%D8%AE%D9%88%D8%A7%D8%A8-%D9%85%D8%B3%D8%AA%D8%B1-%D9%81%D9%88%D9%84-%D9%86%D9%88%D8%B3%D8%A7%D8%B2/gaolJx2-?tracker_session_id=5fc64907-e812-4e23-b022-a8d836b6a0f9_gaolJx2-_N
۱۰۰ متر ۲ آجودانیه مدرن,52000000000,100.0,آجودانیه,1.0,1395.0,2.0,https://divar.ir/v/%DB%B1%DB%B0%DB%B0-%D9%85%D8%AA%D8%B1-%DB%B2-%D8%A2%D8%AC%D9%88%D8%AF%D8%A7%D9%86%DB%8C%D9%87-%D9%85%D8%AF%D8%B1%D9%86/gao9bS9U?tracker_session_id=5fc64907-e812-4e23-b022-a8d836b6a0f9_gao9bS9U_N
۱۸۴ مترِ عالی در آجودانیه با قیمت باورنکردنی,102200000000,184.0,آجودانیه,5.0,1398.0,3.0,https://divar.ir/v/%DB%B1%DB%B8%DB%B4-%D9%85%D8%AA%D8%B1%D9%90-%D8%B9%D8%A7%D9%84%DB%8C-%D8%AF%D8%B1-%D8%A2%D8%AC%D9%88%D8%AF%D8%A7%D9%86%DB%8C%D9%87-%D8%A8%D8%A7-%D9%82%DB%8C%D9%85%D8%AA-%D8%A8%D8%A7%D9%88%D8%B1%D9%86%DA%A9%D8%B1%D8%AF%D9%86%DB%8C/gao5Z7Jl?tracker_session_id=5fc64907-e812-4e23-b022-a8d836b6a0f9_gao5Z7Jl_N
اجودانیه /۹۰ متر / فول فرنیش,55000000000,90.0,آجودانیه,1.0,1393.0,2.0,https://divar.ir/v/%D8%A7%D8%AC%D9%88%D8%AF%D8%A7%D9%86%DB%8C%D9%87-%DB%B9%DB%B0-%D9%85%D8%AA%D8%B1-%D9%81%D9%88%D9%84-%D9%81%D8%B1%D9%86%DB%8C%D8%B4/gaoB27Br?tracker_session_id=5fc64907-e812-4e23-b022-a8d836b6a0f9_gaoB27Br_N
آجودانیه ۱۳۵متر مدرن نوساز (آفر ویژه),97000000000,135.0,آجودانیه,4.0,1405.0,2.0,https://divar.ir/v/%D8%A2%D8%AC%D9%88%D8%AF%D8%A7%D9%86%DB%8C%D9%87-%DB%B1%DB%B3%DB%B5%D9%85%D8%AA%D8%B1-%D9%85%D8%AF%D8%B1%D9%86-%D9%86%D9%88%D8%B3%D8%A7%D8%B2-%D8%A2%D9%81%D8%B1-%D9%88%DB%8C%DA%98%D9%87/gakdGC0I?tracker_session_id=5fc64907-e812-4e23-b022-a8d836b6a0f9_gakdGC0I_N
۱۶۸ متر. فروش. آجودانیه,65000000000,168.0,آجودانیه,2.0,1388.0,3.0,https://divar.ir/v/%DB%B1%DB%B6%DB%B8-%D9%85%D8%AA%D8%B1-%D9%81%D8%B1%D9%88%D8%B4-%D8%A2%D8%AC%D9%88%D8%AF%D8%A7%D9%86%DB%8C%D9%87/gagRtWxY?tracker_session_id=5fc64907-e812-4e23-b022-a8d836b6a0f9_gagRtWxY_N
۱۷۸ متر/آجودانیه/۳ خواب مستر/۲ پارکینگ/فول امکانات,105780000000,178.0,آجودانیه,6.0,1403.0,3.0,https://divar.ir/v/%DB%B1%DB%B7%DB%B8-%D9%85%D8%AA%D8%B1-%D8%A2%D8%AC%D9%88%D8%AF%D8%A7%D9%86%DB%8C%D9%87-%DB%B3-%D8%AE%D9%88%D8%A7%D8%A8-%D9%85%D8%B3%D8%AA%D8%B1-%DB%B2-%D9%BE%D8%A7%D8%B1%DA%A9%DB%8C%D9%86%DA%AF-%D9%81%D9%88%D9%84-%D8%A7%D9%85%DA%A9%D8%A7%D9%86%D8%A7%D8%AA/gaoNVMk-?tracker_session_id=5fc64907-e812-4e23-b022-a8d836b6a0f9_gaoNVMk-_N
۱۵۵ متر ۳ خواب فروشی ، نوساز ، آجودانیه ، تک واحدی,90000000000,155.0,آجودانیه,5.0,1405.0,3.0,https://divar.ir/v/%DB%B1%DB%B5%DB%B5-%D9%85%D8%AA%D8%B1-%DB%B3-%D8%AE%D9%88%D8%A7%D8%A8-%D9%81%D8%B1%D9%88%D8%B4%DB%8C-%D9%86%D9%88%D8%B3%D8%A7%D8%B2-%D8%A2%D8%AC%D9%88%D8%AF%D8%A7%D9%86%DB%8C%D9%87-%D8%AA%DA%A9-%D9%88%D8%A7%D8%AD%D8%AF%DB%8C/gaktW6qf?tracker_session_id=5fc64907-e812-4e23-b022-a8d836b6a0f9_gaktW6qf_N
۱۹۰متر سپند تکواحدی ۲پارکینگ ویو مشجر ارزنده,96000000000,190.0,آجودانیه,4.0,1395.0,3.0,https://divar.ir/v/%DB%B1%DB%B9%DB%B0%D9%85%D8%AA%D8%B1-%D8%B3%D9%BE%D9%86%D8%AF-%D8%AA%DA%A9%D9%88%D8%A7%D8%AD%D8%AF%DB%8C-%DB%B2%D9%BE%D8%A7%D8%B1%DA%A9%DB%8C%D9%86%DA%AF-%D9%88%DB%8C%D9%88-%D9%85%D8%B4%D8%AC%D8%B1-%D8%A7%D8%B1%D8%B2%D9%86%D8%AF%D9%87/gaIcem8o?tracker_session_id=5fc64907-e812-4e23-b022-a8d836b6a0f9_gaIcem8o_N
یک واحد مدرن ۱۹۰ متری ، تاپ لوکیشن آجودانیه,140000000000,190.0,آجودانیه,3.0,1405.0,3.0,https://divar.ir/v/%DB%8C%DA%A9-%D9%88%D8%A7%D8%AD%D8%AF-%D9%85%D8%AF%D8%B1%D9%86-%DB%B1%DB%B9%DB%B0-%D9%85%D8%AA%D8%B1%DB%8C-%D8%AA%D8%A7%D9%BE-%D9%84%D9%88%DA%A9%DB%8C%D8%B4%D9%86-%D8%A2%D8%AC%D9%88%D8%AF%D8%A7%D9%86%DB%8C%D9%87/gal5qMgn?tracker_session_id=5fc64907-e812-4e23-b022-a8d836b6a0f9_gal5qMgn_N
۳۵۰ متر لوکس ترین مدرن آجودانیه / فول برند,280000000000,350.0,آجودانیه,3.0,1405.0,3.0,https://divar.ir/v/%DB%B3%DB%B5%DB%B0-%D9%85%D8%AA%D8%B1-%D9%84%D9%88%DA%A9%D8%B3-%D8%AA%D8%B1%DB%8C%D9%86-%D9%85%D8%AF%D8%B1%D9%86-%D8%A2%D8%AC%D9%88%D8%AF%D8%A7%D9%86%DB%8C%D9%87-%D9%81%D9%88%D9%84-%D8%A8%D8%B1%D9%86%D8%AF/gakt8Fcf?tracker_session_id=5fc64907-e812-4e23-b022-a8d836b6a0f9_gakt8Fcf_N
۱۷۰ متر / ویو باغ فول مشاعات / آجودانیه,135000000000,170.0,آجودانیه,1.0,1405.0,3.0,https://divar.ir/v/%DB%B1%DB%B7%DB%B0-%D9%85%D8%AA%D8%B1-%D9%88%DB%8C%D9%88-%D8%A8%D8%A7%D8%BA-%D9%81%D9%88%D9%84-%D9%85%D8%B4%D8%A7%D8%B9%D8%A7%D8%AA-%D8%A2%D8%AC%D9%88%D8%AF%D8%A7%D9%86%DB%8C%D9%87/gakR9Ewh?tracker_session_id=5fc64907-e812-4e23-b022-a8d836b6a0f9_gakR9Ewh_N
220متر نوساز کلید نخورده فول مشاعات اجودانیه,125000000000,220.0,آجودانیه,4.0,1405.0,3.0,https://divar.ir/v/220%D9%85%D8%AA%D8%B1-%D9%86%D9%88%D8%B3%D8%A7%D8%B2-%DA%A9%D9%84%DB%8C%D8%AF-%D9%86%D8%AE%D9%88%D8%B1%D8%AF%D9%87-%D9%81%D9%88%D9%84-%D9%85%D8%B4%D8%A7%D8%B9%D8%A7%D8%AA-%D8%A7%D8%AC%D9%88%D8%AF%D8%A7%D9%86%DB%8C%D9%87/gakh3-9D?tracker_session_id=5fc64907-e812-4e23-b022-a8d836b6a0f9_gakh3-9D_N
آجودانیه برج ۲۰۰ متر ویو ابدی,83000000000,200.0,آجودانیه,6.0,1387.0,3.0,https://divar.ir/v/%D8%A2%D8%AC%D9%88%D8%AF%D8%A7%D9%86%DB%8C%D9%87-%D8%A8%D8%B1%D8%AC-%DB%B2%DB%B0%DB%B0-%D9%85%D8%AA%D8%B1-%D9%88%DB%8C%D9%88-%D8%A7%D8%A8%D8%AF%DB%8C/gakRKM_D?tracker_session_id=5fc64907-e812-4e23-b022-a8d836b6a0f9_gakRKM_D_N
133متر آجودانیه سه خواب,45000000000,133.0,آجودانیه,1.0,1393.0,3.0,https://divar.ir/v/133%D9%85%D8%AA%D8%B1-%D8%A2%D8%AC%D9%88%D8%AF%D8%A7%D9%86%DB%8C%D9%87-%D8%B3%D9%87-%D8%AE%D9%88%D8%A7%D8%A8/gac9sb5Q?tracker_session_id=5fc64907-e812-4e23-b022-a8d836b6a0f9_gac9sb5Q_N
فروش فوری آجودانیه ۲۳۰ متری نوساز فول مشاعات,165000000000,230.0,آجودانیه,5.0,1404.0,3.0,https://divar.ir/v/%D9%81%D8%B1%D9%88%D8%B4-%D9%81%D9%88%D8%B1%DB%8C-%D8%A2%D8%AC%D9%88%D8%AF%D8%A7%D9%86%DB%8C%D9%87-%DB%B2%DB%B3%DB%B0-%D9%85%D8%AA%D8%B1%DB%8C-%D9%86%D9%88%D8%B3%D8%A7%D8%B2-%D9%81%D9%88%D9%84-%D9%85%D8%B4%D8%A7%D8%B9%D8%A7%D8%AA/gakpnRQC?tracker_session_id=5fc64907-e812-4e23-b022-a8d836b6a0f9_gakpnRQC_N
۲۲۰م۳ خواب/مدرن/شخصی ساز/زیر قیمت منطقه/آجودانیه,115000000000,220.0,آجودانیه,5.0,1404.0,3.0,https://divar.ir/v/%DB%B2%DB%B2%DB%B0%D9%85%DB%B3-%D8%AE%D9%88%D8%A7%D8%A8-%D9%85%D8%AF%D8%B1%D9%86-%D8%B4%D8%AE%D8%B5%DB%8C-%D8%B3%D8%A7%D8%B2-%D8%B2%DB%8C%D8%B1-%D9%82%DB%8C%D9%85%D8%AA-%D9%85%D9%86%D8%B7%D9%82%D9%87-%D8%A2%D8%AC%D9%88%D8%AF%D8%A7%D9%86%DB%8C%D9%87/gakhGHje?tracker_session_id=5fc64907-e812-4e23-b022-a8d836b6a0f9_gakhGHje_N
فروش واحد ۱۹۰ متری نوساز کلید نخورده در آجودانیه,156000000000,190.0,آجودانیه,1.0,1405.0,3.0,https://divar.ir/v/%D9%81%D8%B1%D9%88%D8%B4-%D9%88%D8%A7%D8%AD%D8%AF-%DB%B1%DB%B9%DB%B0-%D9%85%D8%AA%D8%B1%DB%8C-%D9%86%D9%88%D8%B3%D8%A7%D8%B2-%DA%A9%D9%84%DB%8C%D8%AF-%D9%86%D8%AE%D9%88%D8%B1%D8%AF%D9%87-%D8%AF%D8%B1-%D8%A2%D8%AC%D9%88%D8%AF%D8%A7%D9%86%DB%8C%D9%87/gaSFwn8w?tracker_session_id=5fc64907-e812-4e23-b022-a8d836b6a0f9_gaSFwn8w_N
آجودانیه ۱۸۹ متر ۳ خوابه فول مشاعات,110000000000,189.0,آجودانیه,4.0,1397.0,3.0,https://divar.ir/v/%D8%A2%D8%AC%D9%88%D8%AF%D8%A7%D9%86%DB%8C%D9%87-%DB%B1%DB%B8%DB%B9-%D9%85%D8%AA%D8%B1-%DB%B3-%D8%AE%D9%88%D8%A7%D8%A8%D9%87-%D9%81%D9%88%D9%84-%D9%85%D8%B4%D8%A7%D8%B9%D8%A7%D8%AA/gaeVi8cp?tracker_session_id=5fc64907-e812-4e23-b022-a8d836b6a0f9_gaeVi8cp_N
آجودانیه ۱۶۰ متر ۳ خواب با چشم انداز مشجر,87000000000,160.0,آجودانیه,5.0,1404.0,3.0,https://divar.ir/v/%D8%A2%D8%AC%D9%88%D8%AF%D8%A7%D9%86%DB%8C%D9%87-%DB%B1%DB%B6%DB%B0-%D9%85%D8%AA%D8%B1-%DB%B3-%D8%AE%D9%88%D8%A7%D8%A8-%D8%A8%D8%A7-%DA%86%D8%B4%D9%85-%D8%A7%D9%86%D8%AF%D8%A7%D8%B2-%D9%85%D8%B4%D8%AC%D8%B1/gajBCMsw?tracker_session_id=5fc64907-e812-4e23-b022-a8d836b6a0f9_gajBCMsw_N
۲۴۰متر ۴ خوابه آجودانیه,100000000000,240.0,آجودانیه,3.0,1385.0,4.0,https://divar.ir/v/%DB%B2%DB%B4%DB%B0%D9%85%D8%AA%D8%B1-%DB%B4-%D8%AE%D9%88%D8%A7%D8%A8%D9%87-%D8%A2%D8%AC%D9%88%D8%AF%D8%A7%D9%86%DB%8C%D9%87/gadZMw8e?tracker_session_id=5fc64907-e812-4e23-b022-a8d836b6a0f9_gadZMw8e_N
۳۵۰ متر آجودانیه بهترین فرعی لوکس,315000000000,350.0,آجودانیه,4.0,1405.0,4.0,https://divar.ir/v/%DB%B3%DB%B5%DB%B0-%D9%85%D8%AA%D8%B1-%D8%A2%D8%AC%D9%88%D8%AF%D8%A7%D9%86%DB%8C%D9%87-%D8%A8%D9%87%D8%AA%D8%B1%DB%8C%D9%86-%D9%81%D8%B1%D8%B9%DB%8C-%D9%84%D9%88%DA%A9%D8%B3/gag1m-Lc?tracker_session_id=5fc64907-e812-4e23-b022-a8d836b6a0f9_gag1m-Lc_N
آجودانیه ۱۱۲متر آپارتمان ۸۰متر قدرالسهم,58000000000,112.0,آجودانیه,1.0,1371.0,2.0,https://divar.ir/v/%D8%A2%D8%AC%D9%88%D8%AF%D8%A7%D9%86%DB%8C%D9%87-%DB%B1%DB%B1%DB%B2%D9%85%D8%AA%D8%B1-%D8%A2%D9%BE%D8%A7%D8%B1%D8%AA%D9%85%D8%A7%D9%86-%DB%B8%DB%B0%D9%85%D8%AA%D8%B1-%D9%82%D8%AF%D8%B1%D8%A7%D9%84%D8%B3%D9%87%D9%85/ga4ggz0s?tracker_session_id=5fc64907-e812-4e23-b022-a8d836b6a0f9_ga4ggz0s_N
۱۷۰متر۳خواب ، فول مشاعات ابی فعال ،اجودانیه,80000000000,170.0,آجودانیه,4.0,1390.0,3.0,https://divar.ir/v/%DB%B1%DB%B7%DB%B0%D9%85%D8%AA%D8%B1%DB%B3%D8%AE%D9%88%D8%A7%D8%A8-%D9%81%D9%88%D9%84-%D9%85%D8%B4%D8%A7%D8%B9%D8%A7%D8%AA-%D8%A7%D8%A8%DB%8C-%D9%81%D8%B9%D8%A7%D9%84-%D8%A7%D8%AC%D9%88%D8%AF%D8%A7%D9%86%DB%8C%D9%87/gafdjLf4?tracker_session_id=5fc64907-e812-4e23-b022-a8d836b6a0f9_gafdjLf4_N
اجودانیه ۱۲۰ متری نوساز,65000000000,120.0,آجودانیه,3.0,1405.0,2.0,https://divar.ir/v/%D8%A7%D8%AC%D9%88%D8%AF%D8%A7%D9%86%DB%8C%D9%87-%DB%B1%DB%B2%DB%B0-%D9%85%D8%AA%D8%B1%DB%8C-%D9%86%D9%88%D8%B3%D8%A7%D8%B2/gafRjUZD?tracker_session_id=5fc64907-e812-4e23-b022-a8d836b6a0f9_gafRjUZD_N
فروش آپارتمان ۱۲۰ متری قلب آجودانیه,53000000000,120.0,آجودانیه,1.0,1390.0,2.0,https://divar.ir/v/%D9%81%D8%B1%D9%88%D8%B4-%D8%A2%D9%BE%D8%A7%D8%B1%D8%AA%D9%85%D8%A7%D9%86-%DB%B1%DB%B2%DB%B0-%D9%85%D8%AA%D8%B1%DB%8C-%D9%82%D9%84%D8%A8-%D8%A2%D8%AC%D9%88%D8%AF%D8%A7%D9%86%DB%8C%D9%87/gafdCAkf?tracker_session_id=5fc64907-e812-4e23-b022-a8d836b6a0f9_gafdCAkf_N
۱۲۰ متر اقدسیه .اجودانیه.خوش نقشه,69000000000,120.0,آجودانیه,3.0,1405.0,2.0,https://divar.ir/v/%DB%B1%DB%B2%DB%B0-%D9%85%D8%AA%D8%B1-%D8%A7%D9%82%D8%AF%D8%B3%DB%8C%D9%87-%D8%A7%D8%AC%D9%88%D8%AF%D8%A7%D9%86%DB%8C%D9%87-%D8%AE%D9%88%D8%B4-%D9%86%D9%82%D8%B4%D9%87/gab1aTVb?tracker_session_id=5fc64907-e812-4e23-b022-a8d836b6a0f9_gab1aTVb_N
آجودانیه ۱۲۲ متر سازه ای مدرن /ویو دار,62000000000,122.0,آجودانیه,4.0,1405.0,2.0,https://divar.ir/v/%D8%A2%D8%AC%D9%88%D8%AF%D8%A7%D9%86%DB%8C%D9%87-%DB%B1%DB%B2%DB%B2-%D9%85%D8%AA%D8%B1-%D8%B3%D8%A7%D8%B2%D9%87-%D8%A7%DB%8C-%D9%85%D8%AF%D8%B1%D9%86-%D9%88%DB%8C%D9%88-%D8%AF%D8%A7%D8%B1/gab95dC-?tracker_session_id=5fc64907-e812-4e23-b022-a8d836b6a0f9_gab95dC-_N
آجودانیه 120 متر مدرن ویو ابدی,69750000000,120.0,آجودانیه,3.0,1405.0,2.0,https://divar.ir/v/%D8%A2%D8%AC%D9%88%D8%AF%D8%A7%D9%86%DB%8C%D9%87-120-%D9%85%D8%AA%D8%B1-%D9%85%D8%AF%D8%B1%D9%86-%D9%88%DB%8C%D9%88-%D8%A7%D8%A8%D8%AF%DB%8C/gabx5Ylc?tracker_session_id=5fc64907-e812-4e23-b022-a8d836b6a0f9_gabx5Ylc_N
۱۹۵ متر خوش نقشه/ ۴ خواب/ ۲پارکینگ سندی,90000000000,195.0,آجودانیه,1.0,1393.0,4.0,https://divar.ir/v/%DB%B1%DB%B9%DB%B5-%D9%85%D8%AA%D8%B1-%D8%AE%D9%88%D8%B4-%D9%86%D9%82%D8%B4%D9%87-%DB%B4-%D8%AE%D9%88%D8%A7%D8%A8-%DB%B2%D9%BE%D8%A7%D8%B1%DA%A9%DB%8C%D9%86%DA%AF-%D8%B3%D9%86%D8%AF%DB%8C/gabNXOXI?tracker_session_id=5fc64907-e812-4e23-b022-a8d836b6a0f9_gabNXOXI_N
۱۷۵ متری نوساز سپند,117000000000,175.0,آجودانیه,3.0,1405.0,3.0,https://divar.ir/v/%DB%B1%DB%B7%DB%B5-%D9%85%D8%AA%D8%B1%DB%8C-%D9%86%D9%88%D8%B3%D8%A7%D8%B2-%D8%B3%D9%BE%D9%86%D8%AF/gabBW7ni?tracker_session_id=5fc64907-e812-4e23-b022-a8d836b6a0f9_gabBW7ni_N
فروش آپارتمان ۱۲۰ متری ۲ خوابه در آجودانیه,67000000000,120.0,آجودانیه,2.0,1405.0,2.0,https://divar.ir/v/%D9%81%D8%B1%D9%88%D8%B4-%D8%A2%D9%BE%D8%A7%D8%B1%D8%AA%D9%85%D8%A7%D9%86-%DB%B1%DB%B2%DB%B0-%D9%85%D8%AA%D8%B1%DB%8C-%DB%B2-%D8%AE%D9%88%D8%A7%D8%A8%D9%87-%D8%AF%D8%B1-%D8%A2%D8%AC%D9%88%D8%AF%D8%A7%D9%86%DB%8C%D9%87/gabllcR9?tracker_session_id=5fc64907-e812-4e23-b022-a8d836b6a0f9_gabllcR9_N
۱۹۰متر آجودانیه فول امکانات طبقه بالا,105000000000,190.0,آجودانیه,30.0,1400.0,3.0,https://divar.ir/v/%DB%B1%DB%B9%DB%B0%D9%85%D8%AA%D8%B1-%D8%A2%D8%AC%D9%88%D8%AF%D8%A7%D9%86%DB%8C%D9%87-%D9%81%D9%88%D9%84-%D8%A7%D9%85%DA%A9%D8%A7%D9%86%D8%A7%D8%AA-%D8%B7%D8%A8%D9%82%D9%87-%D8%A8%D8%A7%D9%84%D8%A7/gabZkpgL?tracker_session_id=5fc64907-e812-4e23-b022-a8d836b6a0f9_gabZkpgL_N
۳۰۵ متر اقدسیه ۴ خواب کلید نخورده فول با ۳ پارکینگ,180000000000,305.0,آجودانیه,5.0,1405.0,4.0,https://divar.ir/v/%DB%B3%DB%B0%DB%B5-%D9%85%D8%AA%D8%B1-%D8%A7%D9%82%D8%AF%D8%B3%DB%8C%D9%87-%DB%B4-%D8%AE%D9%88%D8%A7%D8%A8-%DA%A9%D9%84%DB%8C%D8%AF-%D9%86%D8%AE%D9%88%D8%B1%D8%AF%D9%87-%D9%81%D9%88%D9%84-%D8%A8%D8%A7-%DB%B3-%D9%BE%D8%A7%D8%B1%DA%A9%DB%8C%D9%86%DA%AF/gabFDLZP?tracker_session_id=5fc64907-e812-4e23-b022-a8d836b6a0f9_gabFDLZP_N
95 متر بهترین لوکیشن در اجودانیه,54000000000,95.0,آجودانیه,1.0,1398.0,2.0,https://divar.ir/v/95-%D9%85%D8%AA%D8%B1-%D8%A8%D9%87%D8%AA%D8%B1%DB%8C%D9%86-%D9%84%D9%88%DA%A9%DB%8C%D8%B4%D9%86-%D8%AF%D8%B1-%D8%A7%D8%AC%D9%88%D8%AF%D8%A7%D9%86%DB%8C%D9%87/gab9Sbam?tracker_session_id=5fc64907-e812-4e23-b022-a8d836b6a0f9_gab9Sbam_N
84 متر آجودانیه ۲خ ویو ابدی,44000000000,84.0,آجودانیه,2.0,1405.0,2.0,https://divar.ir/v/84-%D9%85%D8%AA%D8%B1-%D8%A2%D8%AC%D9%88%D8%AF%D8%A7%D9%86%DB%8C%D9%87-%DB%B2%D8%AE-%D9%88%DB%8C%D9%88-%D8%A7%D8%A8%D8%AF%DB%8C/gaYRtnWo?tracker_session_id=5fc64907-e812-4e23-b022-a8d836b6a0f9_gaYRtnWo_N
پنت‌فاخر‌منطقه،۴۵۰متر،دیدباغ،۱۰پاکینگ،هتلینگ,295000000000,450.0,فرمانیه,7.0,1404.0,4.0,https://divar.ir/v/%D9%BE%D9%86%D8%AA-%D9%81%D8%A7%D8%AE%D8%B1-%D9%85%D9%86%D8%B7%D9%82%D9%87-%DB%B4%DB%B5%DB%B0%D9%85%D8%AA%D8%B1-%D8%AF%DB%8C%D8%AF%D8%A8%D8%A7%D8%BA-%DB%B1%DB%B0%D9%BE%D8%A7%DA%A9%DB%8C%D9%86%DA%AF-%D9%87%D8%AA%D9%84%DB%8C%D9%86%DA%AF/ga3ZgdHg?tracker_session_id=5fc64907-e812-4e23-b022-a8d836b6a0f9_ga3ZgdHg_N
۱۵۰ متر اقدسیه سپند ۳ خواب تکواحدی + تراس و ویو,58000000000,150.0,کاشانک,2.0,1404.0,3.0,https://divar.ir/v/%DB%B1%DB%B5%DB%B0-%D9%85%D8%AA%D8%B1-%D8%A7%D9%82%D8%AF%D8%B3%DB%8C%D9%87-%D8%B3%D9%BE%D9%86%D8%AF-%DB%B3-%D8%AE%D9%88%D8%A7%D8%A8-%D8%AA%DA%A9%D9%88%D8%A7%D8%AD%D8%AF%DB%8C-%D8%AA%D8%B1%D8%A7%D8%B3-%D9%88-%D9%88%DB%8C%D9%88/gaYV90WK?tracker_session_id=5fc64907-e812-4e23-b022-a8d836b6a0f9_gaYV90WK_N
اکازیون اقدسیه ۹۰ متر بهترین خرید,32900000000,90.0,اقدسیه,3.0,1390.0,2.0,https://divar.ir/v/%D8%A7%DA%A9%D8%A7%D8%B2%DB%8C%D9%88%D9%86-%D8%A7%D9%82%D8%AF%D8%B3%DB%8C%D9%87-%DB%B9%DB%B0-%D9%85%D8%AA%D8%B1-%D8%A8%D9%87%D8%AA%D8%B1%DB%8C%D9%86-%D8%AE%D8%B1%DB%8C%D8%AF/gahF8dYk?tracker_session_id=5fc64907-e812-4e23-b022-a8d836b6a0f9_gahF8dYk_N
۵طبقه آپارتمان ۱۳۰متری کلید نخورده یکجا فروشی,310000000000,130.0,اقدسیه,5.0,1405.0,3.0,https://divar.ir/v/%DB%B5%D8%B7%D8%A8%D9%82%D9%87-%D8%A2%D9%BE%D8%A7%D8%B1%D8%AA%D9%85%D8%A7%D9%86-%DB%B1%DB%B3%DB%B0%D9%85%D8%AA%D8%B1%DB%8C-%DA%A9%D9%84%DB%8C%D8%AF-%D9%86%D8%AE%D9%88%D8%B1%D8%AF%D9%87-%DB%8C%DA%A9%D8%AC%D8%A7-%D9%81%D8%B1%D9%88%D8%B4%DB%8C/gaytPFe3?tracker_session_id=5fc64907-e812-4e23-b022-a8d836b6a0f9_gaytPFe3_N
160 متر فرمانیه، زیر قیمت,58000000000,160.0,فرمانیه,4.0,1388.0,3.0,https://divar.ir/v/160-%D9%85%D8%AA%D8%B1-%D9%81%D8%B1%D9%85%D8%A7%D9%86%DB%8C%D9%87-%D8%B2%DB%8C%D8%B1-%D9%82%DB%8C%D9%85%D8%AA/gafFUk0H?tracker_session_id=5fc64907-e812-4e23-b022-a8d836b6a0f9_gafFUk0H_N
اقدسیه سپند ۱۴۰ متر ۲ خوابه سوپر لوکس,122000000000,140.0,اقدسیه,3.0,1400.0,2.0,https://divar.ir/v/%D8%A7%D9%82%D8%AF%D8%B3%DB%8C%D9%87-%D8%B3%D9%BE%D9%86%D8%AF-%DB%B1%DB%B4%DB%B0-%D9%85%D8%AA%D8%B1-%DB%B2-%D8%AE%D9%88%D8%A7%D8%A8%D9%87-%D8%B3%D9%88%D9%BE%D8%B1-%D9%84%D9%88%DA%A9%D8%B3/ga29PFiN?tracker_session_id=5fc64907-e812-4e23-b022-a8d836b6a0f9_ga29PFiN_N
فرمانیه سنبل ۲۳۰متر / تکواحدی,108000000000,230.0,فرمانیه,5.0,1385.0,3.0,https://divar.ir/v/%D9%81%D8%B1%D9%85%D8%A7%D9%86%DB%8C%D9%87-%D8%B3%D9%86%D8%A8%D9%84-%DB%B2%DB%B3%DB%B0%D9%85%D8%AA%D8%B1-%D8%AA%DA%A9%D9%88%D8%A7%D8%AD%D8%AF%DB%8C/gaudFKCD?tracker_session_id=5fc64907-e812-4e23-b022-a8d836b6a0f9_gaudFKCD_N
۱۴۵متر ۳خواب فول امکانات+۲تا تراس,53000000000,145.0,آرارات,3.0,1383.0,3.0,https://divar.ir/v/%DB%B1%DB%B4%DB%B5%D9%85%D8%AA%D8%B1-%DB%B3%D8%AE%D9%88%D8%A7%D8%A8-%D9%81%D9%88%D9%84-%D8%A7%D9%85%DA%A9%D8%A7%D9%86%D8%A7%D8%AA-%DB%B2%D8%AA%D8%A7-%D8%AA%D8%B1%D8%A7%D8%B3/gatddu2z?tracker_session_id=081ac4d5-00e6-447d-95d2-e634bbf91777_gatddu2z_N
۲۰۱ م آپارتمان تک واحدی شیک و کم سن شهرک سئول,110000000000,201.0,آرارات,3.0,1401.0,3.0,https://divar.ir/v/%DB%B2%DB%B0%DB%B1-%D9%85-%D8%A2%D9%BE%D8%A7%D8%B1%D8%AA%D9%85%D8%A7%D9%86-%D8%AA%DA%A9-%D9%88%D8%A7%D8%AD%D8%AF%DB%8C-%D8%B4%DB%8C%DA%A9-%D9%88-%DA%A9%D9%85-%D8%B3%D9%86-%D8%B4%D9%87%D8%B1%DA%A9-%D8%B3%D8%A6%D9%88%D9%84/gan9VYYz?tracker_session_id=081ac4d5-00e6-447d-95d2-e634bbf91777_gan9VYYz_N
آپارتمان۲۰۰ متربُرج برند شهرک سئول,110000000000,200.0,آرارات,6.0,1402.0,3.0,https://divar.ir/v/%D8%A2%D9%BE%D8%A7%D8%B1%D8%AA%D9%85%D8%A7%D9%86%DB%B2%DB%B0%DB%B0-%D9%85%D8%AA%D8%B1%D8%A8%D9%8F%D8%B1%D8%AC-%D8%A8%D8%B1%D9%86%D8%AF-%D8%B4%D9%87%D8%B1%DA%A9-%D8%B3%D8%A6%D9%88%D9%84/galZsw9e?tracker_session_id=081ac4d5-00e6-447d-95d2-e634bbf91777_galZsw9e_N
120متری/بازسازی شده/مسکونی فجر,35000000000,120.0,آرارات,4.0,1375.0,2.0,https://divar.ir/v/120%D9%85%D8%AA%D8%B1%DB%8C-%D8%A8%D8%A7%D8%B2%D8%B3%D8%A7%D8%B2%DB%8C-%D8%B4%D8%AF%D9%87-%D9%85%D8%B3%DA%A9%D9%88%D9%86%DB%8C-%D9%81%D8%AC%D8%B1/gacRHUa_?tracker_session_id=081ac4d5-00e6-447d-95d2-e634bbf91777_gacRHUa__N
شیخ‌بهائی۸۸متر نوساز,43000000000,88.0,آرارات,3.0,1405.0,2.0,https://divar.ir/v/%D8%B4%DB%8C%D8%AE-%D8%A8%D9%87%D8%A7%D8%A6%DB%8C%DB%B8%DB%B8%D9%85%D8%AA%D8%B1-%D9%86%D9%88%D8%B3%D8%A7%D8%B2/gaWREH_6?tracker_session_id=081ac4d5-00e6-447d-95d2-e634bbf91777_gaWREH_6_N
آپارتمان ۵۹ متر سند مسکونی ، موقعیت اداری,17500000000,59.0,ونک,2.0,1371.0,2.0,https://divar.ir/v/%D8%A2%D9%BE%D8%A7%D8%B1%D8%AA%D9%85%D8%A7%D9%86-%DB%B5%DB%B9-%D9%85%D8%AA%D8%B1-%D8%B3%D9%86%D8%AF-%D9%85%D8%B3%DA%A9%D9%88%D9%86%DB%8C-%D9%85%D9%88%D9%82%D8%B9%DB%8C%D8%AA-%D8%A7%D8%AF%D8%A7%D8%B1%DB%8C/gaR1esek?tracker_session_id=081ac4d5-00e6-447d-95d2-e634bbf91777_gaR1esek_N
۷۸ متر / ۲ خواب / فول بازسازی / نورگیر مناسب,19800000000,78.0,ونک,1.0,1384.0,2.0,https://divar.ir/v/%DB%B7%DB%B8-%D9%85%D8%AA%D8%B1-%DB%B2-%D8%AE%D9%88%D8%A7%D8%A8-%D9%81%D9%88%D9%84-%D8%A8%D8%A7%D8%B2%D8%B3%D8%A7%D8%B2%DB%8C-%D9%86%D9%88%D8%B1%DA%AF%DB%8C%D8%B1-%D9%85%D9%86%D8%A7%D8%B3%D8%A8/ga2FPK7c?tracker_session_id=081ac4d5-00e6-447d-95d2-e634bbf91777_ga2FPK7c_N
۲۰۰ متر *شیخ بهایی شمالی* ۳خواب ( سالن یک تیکه ),70000000000,200.0,ونک,4.0,1385.0,3.0,https://divar.ir/v/%DB%B2%DB%B0%DB%B0-%D9%85%D8%AA%D8%B1-%D8%B4%DB%8C%D8%AE-%D8%A8%D9%87%D8%A7%DB%8C%DB%8C-%D8%B4%D9%85%D8%A7%D9%84%DB%8C-%DB%B3%D8%AE%D9%88%D8%A7%D8%A8-%D8%B3%D8%A7%D9%84%D9%86-%DB%8C%DA%A9-%D8%AA%DB%8C%DA%A9%D9%87/gabJI5Pq?tracker_session_id=081ac4d5-00e6-447d-95d2-e634bbf91777_gabJI5Pq_N
۱۳۰ متر ( شیخ بهایی فرعی تاپ ) دو خواب (سه ساله),54000000000,130.0,ونک,4.0,1404.0,2.0,https://divar.ir/v/%DB%B1%DB%B3%DB%B0-%D9%85%D8%AA%D8%B1-%D8%B4%DB%8C%D8%AE-%D8%A8%D9%87%D8%A7%DB%8C%DB%8C-%D9%81%D8%B1%D8%B9%DB%8C-%D8%AA%D8%A7%D9%BE-%D8%AF%D9%88-%D8%AE%D9%88%D8%A7%D8%A8-%D8%B3%D9%87-%D8%B3%D8%A7%D9%84%D9%87/gar50iG5?tracker_session_id=081ac4d5-00e6-447d-95d2-e634bbf91777_gar50iG5_N
۲۴۰ متر ۳ خواب (( مشاعات تکمیل )) ۱۲۰ متر تراس,93000000000,240.0,ونک,9.0,1394.0,3.0,https://divar.ir/v/%DB%B2%DB%B4%DB%B0-%D9%85%D8%AA%D8%B1-%DB%B3-%D8%AE%D9%88%D8%A7%D8%A8-%D9%85%D8%B4%D8%A7%D8%B9%D8%A7%D8%AA-%D8%AA%DA%A9%D9%85%DB%8C%D9%84-%DB%B1%DB%B2%DB%B0-%D9%85%D8%AA%D8%B1-%D8%AA%D8%B1%D8%A7%D8%B3/gavBmLTt?tracker_session_id=081ac4d5-00e6-447d-95d2-e634bbf91777_gavBmLTt_N
۱۵۰ متر شیخ بهایی شمالی + ۸۰ متر قدرالسهم,38000000000,150.0,ونک,3.0,1386.0,3.0,https://divar.ir/v/%DB%B1%DB%B5%DB%B0-%D9%85%D8%AA%D8%B1-%D8%B4%DB%8C%D8%AE-%D8%A8%D9%87%D8%A7%DB%8C%DB%8C-%D8%B4%D9%85%D8%A7%D9%84%DB%8C-%DB%B8%DB%B0-%D9%85%D8%AA%D8%B1-%D9%82%D8%AF%D8%B1%D8%A7%D9%84%D8%B3%D9%87%D9%85/ga299qZw?tracker_session_id=081ac4d5-00e6-447d-95d2-e634bbf91777_ga299qZw_N
173متر 3خواب ونک شیراز,64000000000,173.0,ونک,5.0,1388.0,3.0,https://divar.ir/v/173%D9%85%D8%AA%D8%B1-3%D8%AE%D9%88%D8%A7%D8%A8-%D9%88%D9%86%DA%A9-%D8%B4%DB%8C%D8%B1%D8%A7%D8%B2/gaN4GskR?tracker_session_id=081ac4d5-00e6-447d-95d2-e634bbf91777_gaN4GskR_N
254متر قابل توجه برج نشینان خاص پسند,107000000000,254.0,ونک,19.0,1371.0,3.0,https://divar.ir/v/254%D9%85%D8%AA%D8%B1-%D9%82%D8%A7%D8%A8%D9%84-%D8%AA%D9%88%D8%AC%D9%87-%D8%A8%D8%B1%D8%AC-%D9%86%D8%B4%DB%8C%D9%86%D8%A7%D9%86-%D8%AE%D8%A7%D8%B5-%D9%BE%D8%B3%D9%86%D8%AF/gakN5SFm?tracker_session_id=081ac4d5-00e6-447d-95d2-e634bbf91777_gakN5SFm_N
گاندی 120 متر 2 خواب قابل تهاتر / 2 پارکینگ سندی,48000000000,120.0,ونک,3.0,1400.0,2.0,https://divar.ir/v/%DA%AF%D8%A7%D9%86%D8%AF%DB%8C-120-%D9%85%D8%AA%D8%B1-2-%D8%AE%D9%88%D8%A7%D8%A8-%D9%82%D8%A7%D8%A8%D9%84-%D8%AA%D9%87%D8%A7%D8%AA%D8%B1-2-%D9%BE%D8%A7%D8%B1%DA%A9%DB%8C%D9%86%DA%AF-%D8%B3%D9%86%D8%AF%DB%8C/ga2teQG7?tracker_session_id=081ac4d5-00e6-447d-95d2-e634bbf91777_ga2teQG7_N
شیراز شمالی خدامی ۲۰۵ متر ۳ خوابه فول امکانات,80000000000,205.0,ونک,3.0,1390.0,3.0,https://divar.ir/v/%D8%B4%DB%8C%D8%B1%D8%A7%D8%B2-%D8%B4%D9%85%D8%A7%D9%84%DB%8C-%D8%AE%D8%AF%D8%A7%D9%85%DB%8C-%DB%B2%DB%B0%DB%B5-%D9%85%D8%AA%D8%B1-%DB%B3-%D8%AE%D9%88%D8%A7%D8%A8%D9%87-%D9%81%D9%88%D9%84-%D8%A7%D9%85%DA%A9%D8%A7%D9%86%D8%A7%D8%AA/gaWVQz0t?tracker_session_id=081ac4d5-00e6-447d-95d2-e634bbf91777_gaWVQz0t_N
(( 162متر شیخ بهایی شمالی تاپ لوکیشن )),105300000000,162.0,ونک,5.0,1405.0,3.0,https://divar.ir/v/162%D9%85%D8%AA%D8%B1-%D8%B4%DB%8C%D8%AE-%D8%A8%D9%87%D8%A7%DB%8C%DB%8C-%D8%B4%D9%85%D8%A7%D9%84%DB%8C-%D8%AA%D8%A7%D9%BE-%D9%84%D9%88%DA%A9%DB%8C%D8%B4%D9%86/ga2Nu5NN?tracker_session_id=081ac4d5-00e6-447d-95d2-e634bbf91777_ga2Nu5NN_N
۱۳۵متر ۲خولب شیخ بهایی شمالی برج باغ,58000000000,135.0,ونک,5.0,1395.0,2.0,https://divar.ir/v/%DB%B1%DB%B3%DB%B5%D9%85%D8%AA%D8%B1-%DB%B2%D8%AE%D9%88%D9%84%D8%A8-%D8%B4%DB%8C%D8%AE-%D8%A8%D9%87%D8%A7%DB%8C%DB%8C-%D8%B4%D9%85%D8%A7%D9%84%DB%8C-%D8%A8%D8%B1%D8%AC-%D8%A8%D8%A7%D8%BA/ga2hOg8g?tracker_session_id=081ac4d5-00e6-447d-95d2-e634bbf91777_ga2hOg8g_N
۲۹۰ متر آپارتمان زیر قیمت ونک شیراز شمالی,104400000000,290.0,ونک,3.0,1385.0,4.0,https://divar.ir/v/%DB%B2%DB%B9%DB%B0-%D9%85%D8%AA%D8%B1-%D8%A2%D9%BE%D8%A7%D8%B1%D8%AA%D9%85%D8%A7%D9%86-%D8%B2%DB%8C%D8%B1-%D9%82%DB%8C%D9%85%D8%AA-%D9%88%D9%86%DA%A9-%D8%B4%DB%8C%D8%B1%D8%A7%D8%B2-%D8%B4%D9%85%D8%A7%D9%84%DB%8C/gavNRwBE?tracker_session_id=081ac4d5-00e6-447d-95d2-e634bbf91777_gavNRwBE_N
آپارتمان نوساز ونک شیخ بهایی شمالی ۱۹۰ متر,120000000000,190.0,ونک,4.0,1404.0,3.0,https://divar.ir/v/%D8%A2%D9%BE%D8%A7%D8%B1%D8%AA%D9%85%D8%A7%D9%86-%D9%86%D9%88%D8%B3%D8%A7%D8%B2-%D9%88%D9%86%DA%A9-%D8%B4%DB%8C%D8%AE-%D8%A8%D9%87%D8%A7%DB%8C%DB%8C-%D8%B4%D9%85%D8%A7%D9%84%DB%8C-%DB%B1%DB%B9%DB%B0-%D9%85%D8%AA%D8%B1/gaClDfDm?tracker_session_id=081ac4d5-00e6-447d-95d2-e634bbf91777_gaClDfDm_N
۲۱۵ متر ۴ خواب ونک شیراز شیخ بهایی شمالی,120000000000,215.0,ونک,3.0,1395.0,4.0,https://divar.ir/v/%DB%B2%DB%B1%DB%B5-%D9%85%D8%AA%D8%B1-%DB%B4-%D8%AE%D9%88%D8%A7%D8%A8-%D9%88%D9%86%DA%A9-%D8%B4%DB%8C%D8%B1%D8%A7%D8%B2-%D8%B4%DB%8C%D8%AE-%D8%A8%D9%87%D8%A7%DB%8C%DB%8C-%D8%B4%D9%85%D8%A7%D9%84%DB%8C/gatNqUfE?tracker_session_id=081ac4d5-00e6-447d-95d2-e634bbf91777_gatNqUfE_N
آپارتمان ۲۴۰ متر ونک شیخ بهایی شیراز شمالی,135000000000,240.0,ونک,4.0,1396.0,4.0,https://divar.ir/v/%D8%A2%D9%BE%D8%A7%D8%B1%D8%AA%D9%85%D8%A7%D9%86-%DB%B2%DB%B4%DB%B0-%D9%85%D8%AA%D8%B1-%D9%88%D9%86%DA%A9-%D8%B4%DB%8C%D8%AE-%D8%A8%D9%87%D8%A7%DB%8C%DB%8C-%D8%B4%DB%8C%D8%B1%D8%A7%D8%B2-%D8%B4%D9%85%D8%A7%D9%84%DB%8C/ganVSDn6?tracker_session_id=081ac4d5-00e6-447d-95d2-e634bbf91777_ganVSDn6_N
140متر/3خواب/ونک گاندی,41500000000,140.0,ونک,2.0,1387.0,3.0,https://divar.ir/v/140%D9%85%D8%AA%D8%B1-3%D8%AE%D9%88%D8%A7%D8%A8-%D9%88%D9%86%DA%A9-%DA%AF%D8%A7%D9%86%D8%AF%DB%8C/ga2RNDEz?tracker_session_id=081ac4d5-00e6-447d-95d2-e634bbf91777_ga2RNDEz_N
اپارتمان ۱۳۰ متری برج با کلیه امکانات در ونک,42000000000,130.0,ونک,6.0,1380.0,3.0,https://divar.ir/v/%D8%A7%D9%BE%D8%A7%D8%B1%D8%AA%D9%85%D8%A7%D9%86-%DB%B1%DB%B3%DB%B0-%D9%85%D8%AA%D8%B1%DB%8C-%D8%A8%D8%B1%D8%AC-%D8%A8%D8%A7-%DA%A9%D9%84%DB%8C%D9%87-%D8%A7%D9%85%DA%A9%D8%A7%D9%86%D8%A7%D8%AA-%D8%AF%D8%B1-%D9%88%D9%86%DA%A9/gaQRbSm_?tracker_session_id=081ac4d5-00e6-447d-95d2-e634bbf91777_gaQRbSm__N
