title,price,meterage,district,link
آپارتمان باکس پونک,"۱۸,۵۰۰,۰۰۰,۰۰۰ تومان",,سردارجنگل,https://divar.ir/v/%D8%A2%D9%BE%D8%A7%D8%B1%D8%AA%D9%85%D8%A7%D9%86-%D8%A8%D8%A7%DA%A9%D8%B3-%D9%BE%D9%88%D9%86%DA%A9/gatVxeDt?tracker_session_id=fa288391-0722-4470-a4b3-6b619e951a84_gatVxeDt_P
واحدهای فروش /130متر نوساز 2 حواب/ کاج,"۶۰,۰۰۰,۰۰۰,۰۰۰ تومان",130,سعادت‌آباد,https://divar.ir/v/%D9%88%D8%A7%D8%AD%D8%AF%D9%87%D8%A7%DB%8C-%D9%81%D8%B1%D9%88%D8%B4-130%D9%85%D8%AA%D8%B1-%D9%86%D9%88%D8%B3%D8%A7%D8%B2-2-%D8%AD%D9%88%D8%A7%D8%A8-%DA%A9%D8%A7%D8%AC/gaKlWZhD?tracker_session_id=fa288391-0722-4470-a4b3-6b619e951a84_gaKlWZhD_P
۷۰ متر فول نوساز,"۱۴,۵۰۰,۰۰۰,۰۰۰ تومان",۷۰,سلسبیل جنوبی,https://divar.ir/v/%DB%B7%DB%B0-%D9%85%D8%AA%D8%B1-%D9%81%D9%88%D9%84-%D9%86%D9%88%D8%B3%D8%A7%D8%B2/gaVsL5tm?tracker_session_id=fa288391-0722-4470-a4b3-6b619e951a84_gaVsL5tm_N
88متر 2 خواب بالای جلال,"۲۵,۹۰۰,۰۰۰,۰۰۰ تومان",88,امیرآباد,https://divar.ir/v/88%D9%85%D8%AA%D8%B1-2-%D8%AE%D9%88%D8%A7%D8%A8-%D8%A8%D8%A7%D9%84%D8%A7%DB%8C-%D8%AC%D9%84%D8%A7%D9%84/ga3pCoQh?tracker_session_id=fa288391-0722-4470-a4b3-6b619e951a84_ga3pCoQh_N
105متر/فول امکانات نوساز/مهمان نوازان/خوش قیمت,"۱۳,۱۰۰,۰۰۰,۰۰۰ تومان",105,امام زاده حسن,https://divar.ir/v/105%D9%85%D8%AA%D8%B1-%D9%81%D9%88%D9%84-%D8%A7%D9%85%DA%A9%D8%A7%D9%86%D8%A7%D8%AA-%D9%86%D9%88%D8%B3%D8%A7%D8%B2-%D9%85%D9%87%D9%85%D8%A7%D9%86-%D9%86%D9%88%D8%A7%D8%B2%D8%A7%D9%86-%D8%AE%D9%88%D8%B4-%D9%82%DB%8C%D9%85%D8%AA/ga3pirAm?tracker_session_id=fa288391-0722-4470-a4b3-6b619e951a84_ga3pirAm_N
۵۵متر/تک‌واحدی/آسانسوردار/خوش‌نقشه,"۸,۰۰۰,۰۰۰,۰۰۰ تومان",۵۵,اسکندری,https://divar.ir/v/%DB%B5%DB%B5%D9%85%D8%AA%D8%B1-%D8%AA%DA%A9-%D9%88%D8%A7%D8%AD%D8%AF%DB%8C-%D8%A2%D8%B3%D8%A7%D9%86%D8%B3%D9%88%D8%B1%D8%AF%D8%A7%D8%B1-%D8%AE%D9%88%D8%B4-%D9%86%D9%82%D8%B4%D9%87/ga3FCafk?tracker_session_id=fa288391-0722-4470-a4b3-6b619e951a84_ga3FCafk_N
160متر/تاپ لوکیشن/3خواب مستر/هروی/2پارکینگ,"۷۲,۰۰۰,۰۰۰,۰۰۰ تومان",160,هروی,https://divar.ir/v/160%D9%85%D8%AA%D8%B1-%D8%AA%D8%A7%D9%BE-%D9%84%D9%88%DA%A9%DB%8C%D8%B4%D9%86-3%D8%AE%D9%88%D8%A7%D8%A8-%D9%85%D8%B3%D8%AA%D8%B1-%D9%87%D8%B1%D9%88%DB%8C-2%D9%BE%D8%A7%D8%B1%DA%A9%DB%8C%D9%86%DA%AF/ga3pCmk2?tracker_session_id=fa288391-0722-4470-a4b3-6b619e951a84_ga3pCmk2_N
90متر/حاجی صادقی / فول امکانات,"۲۳,۲۵۰,۰۰۰,۰۰۰ تومان",90,هفت حوض,https://divar.ir/v/90%D9%85%D8%AA%D8%B1-%D8%AD%D8%A7%D8%AC%DB%8C-%D8%B5%D8%A7%D8%AF%D9%82%DB%8C-%D9%81%D9%88%D9%84-%D8%A7%D9%85%DA%A9%D8%A7%D9%86%D8%A7%D8%AA/ga3liwmI?tracker_session_id=fa288391-0722-4470-a4b3-6b619e951a84_ga3liwmI_N
سرمایه گذاری مطمئن و پرسود درشهر جدید,"۳,۱۵۰,۰۰۰,۰۰۰ تومان",,یوسف‌آباد,https://divar.ir/v/%D8%B3%D8%B1%D9%85%D8%A7%DB%8C%D9%87-%DA%AF%D8%B0%D8%A7%D8%B1%DB%8C-%D9%85%D8%B7%D9%85%D8%A6%D9%86-%D9%88-%D9%BE%D8%B1%D8%B3%D9%88%D8%AF-%D8%AF%D8%B1%D8%B4%D9%87%D8%B1-%D8%AC%D8%AF%DB%8C%D8%AF/ga0VEnE6?tracker_session_id=fa288391-0722-4470-a4b3-6b619e951a84_ga0VEnE6_N
۸۰ متر ۲ خواب فول امکانات بازسازی شده سازمان مرکز,"۲۱,۵۰۰,۰۰۰,۰۰۰ تومان",۸۰,سازمان برنامه جنوبی,https://divar.ir/v/%DB%B8%DB%B0-%D9%85%D8%AA%D8%B1-%DB%B2-%D8%AE%D9%88%D8%A7%D8%A8-%D9%81%D9%88%D9%84-%D8%A7%D9%85%DA%A9%D8%A7%D9%86%D8%A7%D8%AA-%D8%A8%D8%A7%D8%B2%D8%B3%D8%A7%D8%B2%DB%8C-%D8%B4%D8%AF%D9%87-%D8%B3%D8%A7%D8%B2%D9%85%D8%A7%D9%86-%D9%85%D8%B1%DA%A9%D8%B2/ga3piZHh?tracker_session_id=fa288391-0722-4470-a4b3-6b619e951a84_ga3piZHh_N
فروش آپارتمان ۶۴ متری,"۱۰,۲۸۰,۰۰۰,۰۰۰ تومان",۶۴,سلسبیل جنوبی,https://divar.ir/v/%D9%81%D8%B1%D9%88%D8%B4-%D8%A2%D9%BE%D8%A7%D8%B1%D8%AA%D9%85%D8%A7%D9%86-%DB%B6%DB%B4-%D9%85%D8%AA%D8%B1%DB%8C/ga3pSPMU?tracker_session_id=fa288391-0722-4470-a4b3-6b619e951a84_ga3pSPMU_N
110متری/3خ/تمام امکانات/نوساز جیحون غرق نور,"۲۳,۰۰۰,۰۰۰,۰۰۰ تومان",110,جیحون,https://divar.ir/v/110%D9%85%D8%AA%D8%B1%DB%8C-3%D8%AE-%D8%AA%D9%85%D8%A7%D9%85-%D8%A7%D9%85%DA%A9%D8%A7%D9%86%D8%A7%D8%AA-%D9%86%D9%88%D8%B3%D8%A7%D8%B2-%D8%AC%DB%8C%D8%AD%D9%88%D9%86-%D8%BA%D8%B1%D9%82-%D9%86%D9%88%D8%B1/ga3VCb8J?tracker_session_id=fa288391-0722-4470-a4b3-6b619e951a84_ga3VCb8J_N
۱۱۳متری /فول/کلید نخورده,"۲۲,۰۰۰,۰۰۰,۰۰۰ تومان",۱۱۳,تهرانسر شمالی,https://divar.ir/v/%DB%B1%DB%B1%DB%B3%D9%85%D8%AA%D8%B1%DB%8C-%D9%81%D9%88%D9%84-%DA%A9%D9%84%DB%8C%D8%AF-%D9%86%D8%AE%D9%88%D8%B1%D8%AF%D9%87/gayJiFQk?tracker_session_id=fa288391-0722-4470-a4b3-6b619e951a84_gayJiFQk_N
۷۵ متر دو خواب /فستیوال نقشه/ سالن پرده خور/دیزاین,"۱۹,۸۰۰,۰۰۰,۰۰۰ تومان",۷۵,سازمان برنامه جنوبی,https://divar.ir/v/%DB%B7%DB%B5-%D9%85%D8%AA%D8%B1-%D8%AF%D9%88-%D8%AE%D9%88%D8%A7%D8%A8-%D9%81%D8%B3%D8%AA%DB%8C%D9%88%D8%A7%D9%84-%D9%86%D9%82%D8%B4%D9%87-%D8%B3%D8%A7%D9%84%D9%86-%D9%BE%D8%B1%D8%AF%D9%87-%D8%AE%D9%88%D8%B1-%D8%AF%DB%8C%D8%B2%D8%A7%DB%8C%D9%86/gakZMLv4?tracker_session_id=fa288391-0722-4470-a4b3-6b619e951a84_gakZMLv4_N
فروش آپارتمان شصت و چهار متر تک خواب /استخر,"۱۰,۹۰۰,۰۰۰,۰۰۰ تومان",,مجیدآباد,https://divar.ir/v/%D9%81%D8%B1%D9%88%D8%B4-%D8%A2%D9%BE%D8%A7%D8%B1%D8%AA%D9%85%D8%A7%D9%86-%D8%B4%D8%B5%D8%AA-%D9%88-%DA%86%D9%87%D8%A7%D8%B1-%D9%85%D8%AA%D8%B1-%D8%AA%DA%A9-%D8%AE%D9%88%D8%A7%D8%A8-%D8%A7%D8%B3%D8%AA%D8%AE%D8%B1/ga3pSVBG?tracker_session_id=fa288391-0722-4470-a4b3-6b619e951a84_ga3pSVBG_N
۱۵۰ متر/نوساز/قابل تهاتر/واقعی/لوکیشن دنج,"۴۵,۰۰۰,۰۰۰,۰۰۰ تومان",۱۵۰,شاهین,https://divar.ir/v/%DB%B1%DB%B5%DB%B0-%D9%85%D8%AA%D8%B1-%D9%86%D9%88%D8%B3%D8%A7%D8%B2-%D9%82%D8%A7%D8%A8%D9%84-%D8%AA%D9%87%D8%A7%D8%AA%D8%B1-%D9%88%D8%A7%D9%82%D8%B9%DB%8C-%D9%84%D9%88%DA%A9%DB%8C%D8%B4%D9%86-%D8%AF%D9%86%D8%AC/ga3pSN0s?tracker_session_id=fa288391-0722-4470-a4b3-6b619e951a84_ga3pSN0s_N
فروش 113 متری برج آسمان۲,"۲۲,۵۰۰,۰۰۰,۰۰۰ تومان",113,گلستان (شهرک راه آهن),https://divar.ir/v/%D9%81%D8%B1%D9%88%D8%B4-113-%D9%85%D8%AA%D8%B1%DB%8C-%D8%A8%D8%B1%D8%AC-%D8%A2%D8%B3%D9%85%D8%A7%D9%86%DB%B2/ga3pyMqb?tracker_session_id=fa288391-0722-4470-a4b3-6b619e951a84_ga3pyMqb_N
۴۲متر پارکینگ دار,"۷,۵۵۰,۰۰۰,۰۰۰ تومان",۴۲,سلسبیل جنوبی,https://divar.ir/v/%DB%B4%DB%B2%D9%85%D8%AA%D8%B1-%D9%BE%D8%A7%D8%B1%DA%A9%DB%8C%D9%86%DA%AF-%D8%AF%D8%A7%D8%B1/ga3pSTAn?tracker_session_id=fa288391-0722-4470-a4b3-6b619e951a84_ga3pSTAn_N
۴۷متر / تکواحدی / فول امکانات / مرتضوی رودکی,"۸,۵۰۰,۰۰۰,۰۰۰ تومان",۴۷,سلسبیل جنوبی,https://divar.ir/v/%DB%B4%DB%B7%D9%85%D8%AA%D8%B1-%D8%AA%DA%A9%D9%88%D8%A7%D8%AD%D8%AF%DB%8C-%D9%81%D9%88%D9%84-%D8%A7%D9%85%DA%A9%D8%A7%D9%86%D8%A7%D8%AA-%D9%85%D8%B1%D8%AA%D8%B6%D9%88%DB%8C-%D8%B1%D9%88%D8%AF%DA%A9%DB%8C/gawFGdg2?tracker_session_id=fa288391-0722-4470-a4b3-6b619e951a84_gawFGdg2_N
107متر/2خواب/نوساز/توحید,"۳۱,۰۰۰,۰۰۰,۰۰۰ تومان",107,توحید,https://divar.ir/v/107%D9%85%D8%AA%D8%B1-2%D8%AE%D9%88%D8%A7%D8%A8-%D9%86%D9%88%D8%B3%D8%A7%D8%B2-%D8%AA%D9%88%D8%AD%DB%8C%D8%AF/gaUluX43?tracker_session_id=fa288391-0722-4470-a4b3-6b619e951a84_gaUluX43_N
115متر/2خواب/2پارکینگ/ظفر,"۳۵,۰۰۰,۰۰۰,۰۰۰ تومان",115,ظفر,https://divar.ir/v/115%D9%85%D8%AA%D8%B1-2%D8%AE%D9%88%D8%A7%D8%A8-2%D9%BE%D8%A7%D8%B1%DA%A9%DB%8C%D9%86%DA%AF-%D8%B8%D9%81%D8%B1/ga3pSQfl?tracker_session_id=fa288391-0722-4470-a4b3-6b619e951a84_ga3pSQfl_N
۵۰متر/پارکینگ غیر مزاحم/گذر پهن,"۶,۱۰۰,۰۰۰,۰۰۰ تومان",۵۰,هاشمی,https://divar.ir/v/%DB%B5%DB%B0%D9%85%D8%AA%D8%B1-%D9%BE%D8%A7%D8%B1%DA%A9%DB%8C%D9%86%DA%AF-%D8%BA%DB%8C%D8%B1-%D9%85%D8%B2%D8%A7%D8%AD%D9%85-%DA%AF%D8%B0%D8%B1-%D9%BE%D9%87%D9%86/ga3piENV?tracker_session_id=fa288391-0722-4470-a4b3-6b619e951a84_ga3piENV_N
سازمان آب (پارک شاهین) 110 متر 2 خواب,"۳۷,۲۰۰,۰۰۰,۰۰۰ تومان",110,ستارخان,https://divar.ir/v/%D8%B3%D8%A7%D8%B2%D9%85%D8%A7%D9%86-%D8%A2%D8%A8-%D9%BE%D8%A7%D8%B1%DA%A9-%D8%B4%D8%A7%D9%87%DB%8C%D9%86-110-%D9%85%D8%AA%D8%B1-2-%D8%AE%D9%88%D8%A7%D8%A8/gauFwolo?tracker_session_id=fa288391-0722-4470-a4b3-6b619e951a84_gauFwolo_N
۲۱۰متر تکواحدی سالن پرده خور غرق نور,"۹۴,۰۰۰,۰۰۰,۰۰۰ تومان",۲۱۰,کاشانک,https://divar.ir/v/%DB%B2%DB%B1%DB%B0%D9%85%D8%AA%D8%B1-%D8%AA%DA%A9%D9%88%D8%A7%D8%AD%D8%AF%DB%8C-%D8%B3%D8%A7%D9%84%D9%86-%D9%BE%D8%B1%D8%AF%D9%87-%D8%AE%D9%88%D8%B1-%D8%BA%D8%B1%D9%82-%D9%86%D9%88%D8%B1/ga2pyhzU?tracker_session_id=fa288391-0722-4470-a4b3-6b619e951a84_ga2pyhzU_N
۴۱متر/تک واحدی/خوش نقشه/سالن مربع استادمعین,"۷,۶۰۰,۰۰۰,۰۰۰ تومان",۴۱,جیحون,https://divar.ir/v/%DB%B4%DB%B1%D9%85%D8%AA%D8%B1-%D8%AA%DA%A9-%D9%88%D8%A7%D8%AD%D8%AF%DB%8C-%D8%AE%D9%88%D8%B4-%D9%86%D9%82%D8%B4%D9%87-%D8%B3%D8%A7%D9%84%D9%86-%D9%85%D8%B1%D8%A8%D8%B9-%D8%A7%D8%B3%D8%AA%D8%A7%D8%AF%D9%85%D8%B9%DB%8C%D9%86/ga3lyb7N?tracker_session_id=fa288391-0722-4470-a4b3-6b619e951a84_ga3lyb7N_N
آپارتمان۸۲متر/فول امکانات/بالای سپه/تکواحدی,"۱۶,۱۰۰,۰۰۰,۰۰۰ تومان",۸۲,زنجان جنوبی,https://divar.ir/v/%D8%A2%D9%BE%D8%A7%D8%B1%D8%AA%D9%85%D8%A7%D9%86%DB%B8%DB%B2%D9%85%D8%AA%D8%B1-%D9%81%D9%88%D9%84-%D8%A7%D9%85%DA%A9%D8%A7%D9%86%D8%A7%D8%AA-%D8%A8%D8%A7%D9%84%D8%A7%DB%8C-%D8%B3%D9%BE%D9%87-%D8%AA%DA%A9%D9%88%D8%A7%D8%AD%D8%AF%DB%8C/ga25OOon?tracker_session_id=fa288391-0722-4470-a4b3-6b619e951a84_ga25OOon_N
۹۵متری دو خواب سند تک برگ چیتگر وام دار,"۲,۰۹۰,۰۰۰,۰۰۰ تومان",۹۵,شهرک چیتگر,https://divar.ir/v/%DB%B9%DB%B5%D9%85%D8%AA%D8%B1%DB%8C-%D8%AF%D9%88-%D8%AE%D9%88%D8%A7%D8%A8-%D8%B3%D9%86%D8%AF-%D8%AA%DA%A9-%D8%A8%D8%B1%DA%AF-%DA%86%DB%8C%D8%AA%DA%AF%D8%B1-%D9%88%D8%A7%D9%85-%D8%AF%D8%A7%D8%B1/ga3ly2sM?tracker_session_id=fa288391-0722-4470-a4b3-6b619e951a84_ga3ly2sM_N
۱۴۰ متر۳خواب/کیماسی/دوطرف نور,"۴۱,۹۰۰,۰۰۰,۰۰۰ تومان",۱۴۰,بنی‌هاشم,https://divar.ir/v/%DB%B1%DB%B4%DB%B0-%D9%85%D8%AA%D8%B1%DB%B3%D8%AE%D9%88%D8%A7%D8%A8-%DA%A9%DB%8C%D9%85%D8%A7%D8%B3%DB%8C-%D8%AF%D9%88%D8%B7%D8%B1%D9%81-%D9%86%D9%88%D8%B1/ga3ZxmDm?tracker_session_id=fa288391-0722-4470-a4b3-6b619e951a84_ga3ZxmDm_N
۱۴۰ متر نوساز کلید نخورده/۳ خواب/تاپ لوکیشن,"۴۷,۰۰۰,۰۰۰,۰۰۰ تومان",۱۴۰,هفت حوض,https://divar.ir/v/%DB%B1%DB%B4%DB%B0-%D9%85%D8%AA%D8%B1-%D9%86%D9%88%D8%B3%D8%A7%D8%B2-%DA%A9%D9%84%DB%8C%D8%AF-%D9%86%D8%AE%D9%88%D8%B1%D8%AF%D9%87-%DB%B3-%D8%AE%D9%88%D8%A7%D8%A8-%D8%AA%D8%A7%D9%BE-%D9%84%D9%88%DA%A9%DB%8C%D8%B4%D9%86/ga3lC63M?tracker_session_id=fa288391-0722-4470-a4b3-6b619e951a84_ga3lC63M_N
فروش 87 متری 2 خوابه فول امکانات محدوده شورا,"۱۸,۵۰۰,۰۰۰,۰۰۰ تومان",87,امامت,https://divar.ir/v/%D9%81%D8%B1%D9%88%D8%B4-87-%D9%85%D8%AA%D8%B1%DB%8C-2-%D8%AE%D9%88%D8%A7%D8%A8%D9%87-%D9%81%D9%88%D9%84-%D8%A7%D9%85%DA%A9%D8%A7%D9%86%D8%A7%D8%AA-%D9%85%D8%AD%D8%AF%D9%88%D8%AF%D9%87-%D8%B4%D9%88%D8%B1%D8%A7/gaxJKcwd?tracker_session_id=fa288391-0722-4470-a4b3-6b619e951a84_gaxJKcwd_N
72متری دو خواب طبقه چهارم,"۶,۹۹۰,۰۰۰,۰۰۰ تومان",72,افسریه جنوبی,https://divar.ir/v/72%D9%85%D8%AA%D8%B1%DB%8C-%D8%AF%D9%88-%D8%AE%D9%88%D8%A7%D8%A8-%D8%B7%D8%A8%D9%82%D9%87-%DA%86%D9%87%D8%A7%D8%B1%D9%85/ga3lSpI5?tracker_session_id=fa288391-0722-4470-a4b3-6b619e951a84_ga3lSpI5_N
۱۱۶متر فول امکانات/مخصوص/سینا,"۲۲,۵۰۰,۰۰۰,۰۰۰ تومان",۱۱۶,مخصوص,https://divar.ir/v/%DB%B1%DB%B1%DB%B6%D9%85%D8%AA%D8%B1-%D9%81%D9%88%D9%84-%D8%A7%D9%85%DA%A9%D8%A7%D9%86%D8%A7%D8%AA-%D9%85%D8%AE%D8%B5%D9%88%D8%B5-%D8%B3%DB%8C%D9%86%D8%A7/ga3piBZZ?tracker_session_id=fa288391-0722-4470-a4b3-6b619e951a84_ga3piBZZ_N
۱۵۰ متر آپارتمان ویلایی کمیاب,"۶۱,۰۰۰,۰۰۰,۰۰۰ تومان",۱۵۰,ایوانک,https://divar.ir/v/%DB%B1%DB%B5%DB%B0-%D9%85%D8%AA%D8%B1-%D8%A2%D9%BE%D8%A7%D8%B1%D8%AA%D9%85%D8%A7%D9%86-%D9%88%DB%8C%D9%84%D8%A7%DB%8C%DB%8C-%DA%A9%D9%85%DB%8C%D8%A7%D8%A8/galZcmaz?tracker_session_id=fa288391-0722-4470-a4b3-6b619e951a84_galZcmaz_N
90متر 2خواب/پونک /خطی روبه آفتاب /فول,"۲۸,۳۰۰,۰۰۰,۰۰۰ تومان",90,پونک,https://divar.ir/v/90%D9%85%D8%AA%D8%B1-2%D8%AE%D9%88%D8%A7%D8%A8-%D9%BE%D9%88%D9%86%DA%A9-%D8%AE%D8%B7%DB%8C-%D8%B1%D9%88%D8%A8%D9%87-%D8%A2%D9%81%D8%AA%D8%A7%D8%A8-%D9%81%D9%88%D9%84/ga0xrtiv?tracker_session_id=fa288391-0722-4470-a4b3-6b619e951a84_ga0xrtiv_N
۵۰ متری فول بر خیابون سبلان شمالی,"۹,۰۰۰,۰۰۰,۰۰۰ تومان",۵۰,سبلان (لشگر),https://divar.ir/v/%DB%B5%DB%B0-%D9%85%D8%AA%D8%B1%DB%8C-%D9%81%D9%88%D9%84-%D8%A8%D8%B1-%D8%AE%DB%8C%D8%A7%D8%A8%D9%88%D9%86-%D8%B3%D8%A8%D9%84%D8%A7%D9%86-%D8%B4%D9%85%D8%A7%D9%84%DB%8C/ga3dSHcy?tracker_session_id=fa288391-0722-4470-a4b3-6b619e951a84_ga3dSHcy_N
دروس 200 متر (فرعی مشجر),"۱۲۰,۰۰۰,۰۰۰,۰۰۰ تومان",200,دروس,https://divar.ir/v/%D8%AF%D8%B1%D9%88%D8%B3-200-%D9%85%D8%AA%D8%B1-%D9%81%D8%B1%D8%B9%DB%8C-%D9%85%D8%B4%D8%AC%D8%B1/gablIdWY?tracker_session_id=fa288391-0722-4470-a4b3-6b619e951a84_gablIdWY_N
۱۲۰متری/دریاچه چیتگر/اقساطی/سند تکبرگ/برج هتلینگ,"۲,۴۰۰,۰۰۰,۰۰۰ تومان",۱۲۰,گلستان (شهرک راه آهن),https://divar.ir/v/%DB%B1%DB%B2%DB%B0%D9%85%D8%AA%D8%B1%DB%8C-%D8%AF%D8%B1%DB%8C%D8%A7%DA%86%D9%87-%DA%86%DB%8C%D8%AA%DA%AF%D8%B1-%D8%A7%D9%82%D8%B3%D8%A7%D8%B7%DB%8C-%D8%B3%D9%86%D8%AF-%D8%AA%DA%A9%D8%A8%D8%B1%DA%AF-%D8%A8%D8%B1%D8%AC-%D9%87%D8%AA%D9%84%DB%8C%D9%86%DA%AF/gaCBzkhS?tracker_session_id=fa288391-0722-4470-a4b3-6b619e951a84_gaCBzkhS_N
فروش آپارتمان 87 متری فول امکانات/هشتم نیروهوایی,"۱۸,۰۰۰,۰۰۰,۰۰۰ تومان",87,نیروی هوایی (پیروزی),https://divar.ir/v/%D9%81%D8%B1%D9%88%D8%B4-%D8%A2%D9%BE%D8%A7%D8%B1%D8%AA%D9%85%D8%A7%D9%86-87-%D9%85%D8%AA%D8%B1%DB%8C-%D9%81%D9%88%D9%84-%D8%A7%D9%85%DA%A9%D8%A7%D9%86%D8%A7%D8%AA-%D9%87%D8%B4%D8%AA%D9%85-%D9%86%DB%8C%D8%B1%D9%88%D9%87%D9%88%D8%A7%DB%8C%DB%8C/ga3lCeOe?tracker_session_id=fa288391-0722-4470-a4b3-6b619e951a84_ga3lCeOe_N
آپارتمان 60 متری/دوخواب/آسانسور دار,"۷,۵۰۰,۰۰۰,۰۰۰ تومان",60,مخصوص,https://divar.ir/v/%D8%A2%D9%BE%D8%A7%D8%B1%D8%AA%D9%85%D8%A7%D9%86-60-%D9%85%D8%AA%D8%B1%DB%8C-%D8%AF%D9%88%D8%AE%D9%88%D8%A7%D8%A8-%D8%A2%D8%B3%D8%A7%D9%86%D8%B3%D9%88%D8%B1-%D8%AF%D8%A7%D8%B1/ga3liy69?tracker_session_id=fa288391-0722-4470-a4b3-6b619e951a84_ga3liy69_N
آپارتمان ۱۲۷ متری ویو بدون مشرف دسترسی آسان,"۱۲,۷۰۰,۰۰۰,۰۰۰ تومان",۱۲۷,مروارید شهر,https://divar.ir/v/%D8%A2%D9%BE%D8%A7%D8%B1%D8%AA%D9%85%D8%A7%D9%86-%DB%B1%DB%B2%DB%B7-%D9%85%D8%AA%D8%B1%DB%8C-%D9%88%DB%8C%D9%88-%D8%A8%D8%AF%D9%88%D9%86-%D9%85%D8%B4%D8%B1%D9%81-%D8%AF%D8%B3%D8%AA%D8%B1%D8%B3%DB%8C-%D8%A2%D8%B3%D8%A7%D9%86/ga3limTB?tracker_session_id=fa288391-0722-4470-a4b3-6b619e951a84_ga3limTB_N
فروش ۶۸ متر ۲ خواب نورگیر در معلم,"۹,۶۰۰,۰۰۰,۰۰۰ تومان",۶۸,حشمتیه,https://divar.ir/v/%D9%81%D8%B1%D9%88%D8%B4-%DB%B6%DB%B8-%D9%85%D8%AA%D8%B1-%DB%B2-%D8%AE%D9%88%D8%A7%D8%A8-%D9%86%D9%88%D8%B1%DA%AF%DB%8C%D8%B1-%D8%AF%D8%B1-%D9%85%D8%B9%D9%84%D9%85/ga3livWD?tracker_session_id=fa288391-0722-4470-a4b3-6b619e951a84_ga3livWD_N
۶۹ متر . تک واحدی . کلید نخورده . شمال طوس,"۱۴,۸۰۰,۰۰۰,۰۰۰ تومان",۶۹,دکتر هوشیار,https://divar.ir/v/%DB%B6%DB%B9-%D9%85%D8%AA%D8%B1-%D8%AA%DA%A9-%D9%88%D8%A7%D8%AD%D8%AF%DB%8C-%DA%A9%D9%84%DB%8C%D8%AF-%D9%86%D8%AE%D9%88%D8%B1%D8%AF%D9%87-%D8%B4%D9%85%D8%A7%D9%84-%D8%B7%D9%88%D8%B3/ga3lSGbq?tracker_session_id=fa288391-0722-4470-a4b3-6b619e951a84_ga3lSGbq_N
شمال جردن 270 متر 4 خواب // ویو جذاب و دیدنی,"۱۱۵,۰۰۰,۰۰۰,۰۰۰ تومان",270,جردن,https://divar.ir/v/%D8%B4%D9%85%D8%A7%D9%84-%D8%AC%D8%B1%D8%AF%D9%86-270-%D9%85%D8%AA%D8%B1-4-%D8%AE%D9%88%D8%A7%D8%A8-%D9%88%DB%8C%D9%88-%D8%AC%D8%B0%D8%A7%D8%A8-%D9%88-%D8%AF%DB%8C%D8%AF%D9%86%DB%8C/gaoh1FsM?tracker_session_id=fa288391-0722-4470-a4b3-6b619e951a84_gaoh1FsM_N
۳۷ متر دامپزشکی‌جیحون,"۵,۳۵۰,۰۰۰,۰۰۰ تومان",۳۷,زنجان جنوبی,https://divar.ir/v/%DB%B3%DB%B7-%D9%85%D8%AA%D8%B1-%D8%AF%D8%A7%D9%85%D9%BE%D8%B2%D8%B4%DA%A9%DB%8C-%D8%AC%DB%8C%D8%AD%D9%88%D9%86/gatBtJzv?tracker_session_id=fa288391-0722-4470-a4b3-6b619e951a84_gatBtJzv_N
اپارتمان۷۴ متری دو خواب با آسانسور,"۹,۳۰۰,۰۰۰,۰۰۰ تومان",۷۴,مختاری,https://divar.ir/v/%D8%A7%D9%BE%D8%A7%D8%B1%D8%AA%D9%85%D8%A7%D9%86%DB%B7%DB%B4-%D9%85%D8%AA%D8%B1%DB%8C-%D8%AF%D9%88-%D8%AE%D9%88%D8%A7%D8%A8-%D8%A8%D8%A7-%D8%A2%D8%B3%D8%A7%D9%86%D8%B3%D9%88%D8%B1/gamRxv1Y?tracker_session_id=fa288391-0722-4470-a4b3-6b619e951a84_gamRxv1Y_N
۵۰متر پارکینگ دار * سرمایه گذاری بدون مشابه,"۵,۷۰۰,۰۰۰,۰۰۰ تومان",۵۰,سلیمانی,https://divar.ir/v/%DB%B5%DB%B0%D9%85%D8%AA%D8%B1-%D9%BE%D8%A7%D8%B1%DA%A9%DB%8C%D9%86%DA%AF-%D8%AF%D8%A7%D8%B1-%D8%B3%D8%B1%D9%85%D8%A7%DB%8C%D9%87-%DA%AF%D8%B0%D8%A7%D8%B1%DB%8C-%D8%A8%D8%AF%D9%88%D9%86-%D9%85%D8%B4%D8%A7%D8%A8%D9%87/ga1d-8h2?tracker_session_id=fa288391-0722-4470-a4b3-6b619e951a84_ga1d-8h2_N
۴۵۵ متر پنت هاوس,"۲۳۰,۰۰۰,۰۰۰,۰۰۰ تومان",۴۵۵,سعادت‌آباد,https://divar.ir/v/%DB%B4%DB%B5%DB%B5-%D9%85%D8%AA%D8%B1-%D9%BE%D9%86%D8%AA-%D9%87%D8%A7%D9%88%D8%B3/ga3lCkuE?tracker_session_id=fa288391-0722-4470-a4b3-6b619e951a84_ga3lCkuE_N
آپارتمان ۷۱ متری ۲ خواب بازسازی شده نورگیر,"۷,۶۰۰,۰۰۰,۰۰۰ تومان",۷۱,شهرک فردوس (حسینی),https://divar.ir/v/%D8%A2%D9%BE%D8%A7%D8%B1%D8%AA%D9%85%D8%A7%D9%86-%DB%B7%DB%B1-%D9%85%D8%AA%D8%B1%DB%8C-%DB%B2-%D8%AE%D9%88%D8%A7%D8%A8-%D8%A8%D8%A7%D8%B2%D8%B3%D8%A7%D8%B2%DB%8C-%D8%B4%D8%AF%D9%87-%D9%86%D9%88%D8%B1%DA%AF%DB%8C%D8%B1/ga3lyi00?tracker_session_id=fa288391-0722-4470-a4b3-6b619e951a84_ga3lyi00_N
آپارتمان52متر/تک واحدی/قصرالدشت,"۶,۲۲۰,۰۰۰,۰۰۰ تومان",52,جیحون,https://divar.ir/v/%D8%A2%D9%BE%D8%A7%D8%B1%D8%AA%D9%85%D8%A7%D9%8652%D9%85%D8%AA%D8%B1-%D8%AA%DA%A9-%D9%88%D8%A7%D8%AD%D8%AF%DB%8C-%D9%82%D8%B5%D8%B1%D8%A7%D9%84%D8%AF%D8%B4%D8%AA/ga3lSkoJ?tracker_session_id=fa288391-0722-4470-a4b3-6b619e951a84_ga3lSkoJ_N
۷۱متر/۲خواب/فول/عروسک,"۱۴,۲۰۰,۰۰۰,۰۰۰ تومان",۷۱,سبلان (لشگر),https://divar.ir/v/%DB%B7%DB%B1%D9%85%D8%AA%D8%B1-%DB%B2%D8%AE%D9%88%D8%A7%D8%A8-%D9%81%D9%88%D9%84-%D8%B9%D8%B1%D9%88%D8%B3%DA%A9/gaTRailK?tracker_session_id=fa288391-0722-4470-a4b3-6b619e951a84_gaTRailK_N
۴۱ متر / فول امکانات / بریانک,"۶,۰۰۰,۰۰۰,۰۰۰ تومان",۴۱,بریانک,https://divar.ir/v/%DB%B4%DB%B1-%D9%85%D8%AA%D8%B1-%D9%81%D9%88%D9%84-%D8%A7%D9%85%DA%A9%D8%A7%D9%86%D8%A7%D8%AA-%D8%A8%D8%B1%DB%8C%D8%A7%D9%86%DA%A9/galh-9wO?tracker_session_id=fa288391-0722-4470-a4b3-6b619e951a84_galh-9wO_N
پارک ملت 115 متر // 8 ساله // روبه آفتاب,"۴۸,۰۰۰,۰۰۰,۰۰۰ تومان",115,جردن,https://divar.ir/v/%D9%BE%D8%A7%D8%B1%DA%A9-%D9%85%D9%84%D8%AA-115-%D9%85%D8%AA%D8%B1-8-%D8%B3%D8%A7%D9%84%D9%87-%D8%B1%D9%88%D8%A8%D9%87-%D8%A2%D9%81%D8%AA%D8%A7%D8%A8/gaoJF3Bj?tracker_session_id=fa288391-0722-4470-a4b3-6b619e951a84_gaoJF3Bj_N
۵۷متر/فلاح،زمزم,"۳,۵۹۰,۰۰۰,۰۰۰ تومان",۵۷,زمزم,https://divar.ir/v/%DB%B5%DB%B7%D9%85%D8%AA%D8%B1-%D9%81%D9%84%D8%A7%D8%AD-%D8%B2%D9%85%D8%B2%D9%85/ga2tK3dk?tracker_session_id=fa288391-0722-4470-a4b3-6b619e951a84_ga2tK3dk_N
فرصت خرید 40متری نقلی ویو عالی/قیمت کل/اندیشه,"۵,۲۰۰,۰۰۰,۰۰۰ تومان",40,جنت‌آباد مرکزی,https://divar.ir/v/%D9%81%D8%B1%D8%B5%D8%AA-%D8%AE%D8%B1%DB%8C%D8%AF-40%D9%85%D8%AA%D8%B1%DB%8C-%D9%86%D9%82%D9%84%DB%8C-%D9%88%DB%8C%D9%88-%D8%B9%D8%A7%D9%84%DB%8C-%D9%82%DB%8C%D9%85%D8%AA-%DA%A9%D9%84-%D8%A7%D9%86%D8%AF%DB%8C%D8%B4%D9%87/ga3lSSta?tracker_session_id=fa288391-0722-4470-a4b3-6b619e951a84_ga3lSSta_N
۱۵۵متر/۱۰متر تراس/بدون مشابه,"۷۰,۰۰۰,۰۰۰,۰۰۰ تومان",۱۵۵,هروی,https://divar.ir/v/%DB%B1%DB%B5%DB%B5%D9%85%D8%AA%D8%B1-%DB%B1%DB%B0%D9%85%D8%AA%D8%B1-%D8%AA%D8%B1%D8%A7%D8%B3-%D8%A8%D8%AF%D9%88%D9%86-%D9%85%D8%B4%D8%A7%D8%A8%D9%87/galxLR8e?tracker_session_id=fa288391-0722-4470-a4b3-6b619e951a84_galxLR8e_N
۵۶ متر ـ همکف / یکخواب ـ جنت آباد شمالی,"۱۳,۰۰۰,۰۰۰,۰۰۰ تومان",۵۶,جنت‌آباد شمالی,https://divar.ir/v/%DB%B5%DB%B6-%D9%85%D8%AA%D8%B1-%D9%80-%D9%87%D9%85%DA%A9%D9%81-%DB%8C%DA%A9%D8%AE%D9%88%D8%A7%D8%A8-%D9%80-%D8%AC%D9%86%D8%AA-%D8%A2%D8%A8%D8%A7%D8%AF-%D8%B4%D9%85%D8%A7%D9%84%DB%8C/gaUpt5pA?tracker_session_id=fa288391-0722-4470-a4b3-6b619e951a84_gaUpt5pA_N
فروش اپارتمان مسعودیه,"۱۰,۲۷۰,۰۰۰,۰۰۰ تومان",,مسعودیه,https://divar.ir/v/%D9%81%D8%B1%D9%88%D8%B4-%D8%A7%D9%BE%D8%A7%D8%B1%D8%AA%D9%85%D8%A7%D9%86-%D9%85%D8%B3%D8%B9%D9%88%D8%AF%DB%8C%D9%87/ga3hy3KA?tracker_session_id=fa288391-0722-4470-a4b3-6b619e951a84_ga3hy3KA_N
۱۲۸متر/سالن پرده خور/فول امکانات/تکواحدی/جی,"۱۵,۲۵۰,۰۰۰,۰۰۰ تومان",۱۲۸,جی,https://divar.ir/v/%DB%B1%DB%B2%DB%B8%D9%85%D8%AA%D8%B1-%D8%B3%D8%A7%D9%84%D9%86-%D9%BE%D8%B1%D8%AF%D9%87-%D8%AE%D9%88%D8%B1-%D9%81%D9%88%D9%84-%D8%A7%D9%85%DA%A9%D8%A7%D9%86%D8%A7%D8%AA-%D8%AA%DA%A9%D9%88%D8%A7%D8%AD%D8%AF%DB%8C-%D8%AC%DB%8C/ga3lSUKG?tracker_session_id=fa288391-0722-4470-a4b3-6b619e951a84_ga3lSUKG_N
برج شهرک غرب ۱۰۰ متر یک خواب,"۷۴,۰۰۰,۰۰۰,۰۰۰ تومان",۱۰۰,شهرک غرب,https://divar.ir/v/%D8%A8%D8%B1%D8%AC-%D8%B4%D9%87%D8%B1%DA%A9-%D8%BA%D8%B1%D8%A8-%DB%B1%DB%B0%DB%B0-%D9%85%D8%AA%D8%B1-%DB%8C%DA%A9-%D8%AE%D9%88%D8%A7%D8%A8/gal99iaB?tracker_session_id=fa288391-0722-4470-a4b3-6b619e951a84_gal99iaB_N
۱۰۵ متر کم واحد تلفیقی از نور و نقشه,"۱۶,۰۰۰,۰۰۰,۰۰۰ تومان",۱۰۵,ارم,https://divar.ir/v/%DB%B1%DB%B0%DB%B5-%D9%85%D8%AA%D8%B1-%DA%A9%D9%85-%D9%88%D8%A7%D8%AD%D8%AF-%D8%AA%D9%84%D9%81%DB%8C%D9%82%DB%8C-%D8%A7%D8%B2-%D9%86%D9%88%D8%B1-%D9%88-%D9%86%D9%82%D8%B4%D9%87/gakp2y2n?tracker_session_id=fa288391-0722-4470-a4b3-6b619e951a84_gakp2y2n_N
۷۳متر/ فول امکانات// بوستان سعدی,"۱۴,۲۰۰,۰۰۰,۰۰۰ تومان",۷۳,سلسبیل شمالی,https://divar.ir/v/%DB%B7%DB%B3%D9%85%D8%AA%D8%B1-%D9%81%D9%88%D9%84-%D8%A7%D9%85%DA%A9%D8%A7%D9%86%D8%A7%D8%AA-%D8%A8%D9%88%D8%B3%D8%AA%D8%A7%D9%86-%D8%B3%D8%B9%D8%AF%DB%8C/ga3liV6U?tracker_session_id=fa288391-0722-4470-a4b3-6b619e951a84_ga3liV6U_N
50مترتک خواب/گل طبقات /تخلیه/خوشگل,"۶,۱۵۰,۰۰۰,۰۰۰ تومان",50,سلسبیل جنوبی,https://divar.ir/v/50%D9%85%D8%AA%D8%B1%D8%AA%DA%A9-%D8%AE%D9%88%D8%A7%D8%A8-%DA%AF%D9%84-%D8%B7%D8%A8%D9%82%D8%A7%D8%AA-%D8%AA%D8%AE%D9%84%DB%8C%D9%87-%D8%AE%D9%88%D8%B4%DA%AF%D9%84/ga39R13A?tracker_session_id=fa288391-0722-4470-a4b3-6b619e951a84_ga39R13A_N
47 متر / خوش نقشه /پاسیو دار/خوش مالک اشتر,"۶,۱۰۰,۰۰۰,۰۰۰ تومان",47,سلسبیل جنوبی,https://divar.ir/v/47-%D9%85%D8%AA%D8%B1-%D8%AE%D9%88%D8%B4-%D9%86%D9%82%D8%B4%D9%87-%D9%BE%D8%A7%D8%B3%DB%8C%D9%88-%D8%AF%D8%A7%D8%B1-%D8%AE%D9%88%D8%B4-%D9%85%D8%A7%D9%84%DA%A9-%D8%A7%D8%B4%D8%AA%D8%B1/ga2FPceu?tracker_session_id=fa288391-0722-4470-a4b3-6b619e951a84_ga2FPceu_N
آپارتمان ۱۹۰ متر غرق نور هتلینگ فرمانیه عسگریان,"۱۰۷,۰۰۰,۰۰۰,۰۰۰ تومان",۱۹۰,فرمانیه,https://divar.ir/v/%D8%A2%D9%BE%D8%A7%D8%B1%D8%AA%D9%85%D8%A7%D9%86-%DB%B1%DB%B9%DB%B0-%D9%85%D8%AA%D8%B1-%D8%BA%D8%B1%D9%82-%D9%86%D9%88%D8%B1-%D9%87%D8%AA%D9%84%DB%8C%D9%86%DA%AF-%D9%81%D8%B1%D9%85%D8%A7%D9%86%DB%8C%D9%87-%D8%B9%D8%B3%DA%AF%D8%B1%DB%8C%D8%A7%D9%86/ga3lSHyu?tracker_session_id=fa288391-0722-4470-a4b3-6b619e951a84_ga3lSHyu_N
۹۰ متر۲ خواب /وسط جنت‌آباد /مالک فروشنده واقعی,"۳۵,۰۰۰,۰۰۰,۰۰۰ تومان",۹۰,جنت‌آباد جنوبی,https://divar.ir/v/%DB%B9%DB%B0-%D9%85%D8%AA%D8%B1%DB%B2-%D8%AE%D9%88%D8%A7%D8%A8-%D9%88%D8%B3%D8%B7-%D8%AC%D9%86%D8%AA-%D8%A2%D8%A8%D8%A7%D8%AF-%D9%85%D8%A7%D9%84%DA%A9-%D9%81%D8%B1%D9%88%D8%B4%D9%86%D8%AF%D9%87-%D9%88%D8%A7%D9%82%D8%B9%DB%8C/ga3lSKb0?tracker_session_id=fa288391-0722-4470-a4b3-6b619e951a84_ga3lSKb0_N
۱۳۸ متر برج پامچال‌ طبقه بالا ویو باغ گیاه شناسی,"۲۰,۰۰۰,۰۰۰,۰۰۰ تومان",۱۳۸,شهرک چیتگر,https://divar.ir/v/%DB%B1%DB%B3%DB%B8-%D9%85%D8%AA%D8%B1-%D8%A8%D8%B1%D8%AC-%D9%BE%D8%A7%D9%85%DA%86%D8%A7%D9%84-%D8%B7%D8%A8%D9%82%D9%87-%D8%A8%D8%A7%D9%84%D8%A7-%D9%88%DB%8C%D9%88-%D8%A8%D8%A7%D8%BA-%DA%AF%DB%8C%D8%A7%D9%87-%D8%B4%D9%86%D8%A7%D8%B3%DB%8C/gaqlQrgz?tracker_session_id=fa288391-0722-4470-a4b3-6b619e951a84_gaqlQrgz_N
64 متر 2 خواب / فرجام,"۱۰,۵۰۰,۰۰۰,۰۰۰ تومان",64,هفت حوض,https://divar.ir/v/64-%D9%85%D8%AA%D8%B1-2-%D8%AE%D9%88%D8%A7%D8%A8-%D9%81%D8%B1%D8%AC%D8%A7%D9%85/ga3lCBMx?tracker_session_id=fa288391-0722-4470-a4b3-6b619e951a84_ga3lCBMx_N
۸۲ فول امکانات سالن پرده خور ویو ابدی,"۲۰,۷۰۰,۰۰۰,۰۰۰ تومان",,پونک,https://divar.ir/v/%DB%B8%DB%B2-%D9%81%D9%88%D9%84-%D8%A7%D9%85%DA%A9%D8%A7%D9%86%D8%A7%D8%AA-%D8%B3%D8%A7%D9%84%D9%86-%D9%BE%D8%B1%D8%AF%D9%87-%D8%AE%D9%88%D8%B1-%D9%88%DB%8C%D9%88-%D8%A7%D8%A8%D8%AF%DB%8C/garlhurQ?tracker_session_id=fa288391-0722-4470-a4b3-6b619e951a84_garlhurQ_N
۱۳۲ متر شریعتی,"۴۲,۰۰۰,۰۰۰,۰۰۰ تومان",۱۳۲,مهران (سیدخندان),https://divar.ir/v/%DB%B1%DB%B3%DB%B2-%D9%85%D8%AA%D8%B1-%D8%B4%D8%B1%DB%8C%D8%B9%D8%AA%DB%8C/ga3hCVgD?tracker_session_id=fa288391-0722-4470-a4b3-6b619e951a84_ga3hCVgD_N
۷۵متر ۲خواب فول امکانات تک واحدی,"۶,۴۰۰,۰۰۰,۰۰۰ تومان",۷۵,یافت آباد شمالی,https://divar.ir/v/%DB%B7%DB%B5%D9%85%D8%AA%D8%B1-%DB%B2%D8%AE%D9%88%D8%A7%D8%A8-%D9%81%D9%88%D9%84-%D8%A7%D9%85%DA%A9%D8%A7%D9%86%D8%A7%D8%AA-%D8%AA%DA%A9-%D9%88%D8%A7%D8%AD%D8%AF%DB%8C/ga3hCv7K?tracker_session_id=fa288391-0722-4470-a4b3-6b619e951a84_ga3hCv7K_N
آپارتمان ۷۰متر فول مجیدیه,"۱۴,۱۰۰,۰۰۰,۰۰۰ تومان",۷۰,مجیدیه,https://divar.ir/v/%D8%A2%D9%BE%D8%A7%D8%B1%D8%AA%D9%85%D8%A7%D9%86-%DB%B7%DB%B0%D9%85%D8%AA%D8%B1-%D9%81%D9%88%D9%84-%D9%85%D8%AC%DB%8C%D8%AF%DB%8C%D9%87/gaoZcnUV?tracker_session_id=fa288391-0722-4470-a4b3-6b619e951a84_gaoZcnUV_N
آپارتمان فروشی,"۱۲,۵۰۰,۰۰۰,۰۰۰ تومان",,کرمان,https://divar.ir/v/%D8%A2%D9%BE%D8%A7%D8%B1%D8%AA%D9%85%D8%A7%D9%86-%D9%81%D8%B1%D9%88%D8%B4%DB%8C/ga3hinyU?tracker_session_id=fa288391-0722-4470-a4b3-6b619e951a84_ga3hinyU_N
۹۹متر ۲خ فول ۲کله ۱۳ساله فلکه اول تهرانپارس,"۲۸,۰۰۰,۰۰۰,۰۰۰ تومان",۹۹,تهرانپارس جنوبی,https://divar.ir/v/%DB%B9%DB%B9%D9%85%D8%AA%D8%B1-%DB%B2%D8%AE-%D9%81%D9%88%D9%84-%DB%B2%DA%A9%D9%84%D9%87-%DB%B1%DB%B3%D8%B3%D8%A7%D9%84%D9%87-%D9%81%D9%84%DA%A9%D9%87-%D8%A7%D9%88%D9%84-%D8%AA%D9%87%D8%B1%D8%A7%D9%86%D9%BE%D8%A7%D8%B1%D8%B3/ga3hC5PU?tracker_session_id=fa288391-0722-4470-a4b3-6b619e951a84_ga3hC5PU_N
37متر خرمشهر جوانمرد طبقه سوم واقعی چسب مترو کمیل,"۴,۱۰۰,۰۰۰,۰۰۰ تومان",37,خرمشهر,https://divar.ir/v/37%D9%85%D8%AA%D8%B1-%D8%AE%D8%B1%D9%85%D8%B4%D9%87%D8%B1-%D8%AC%D9%88%D8%A7%D9%86%D9%85%D8%B1%D8%AF-%D8%B7%D8%A8%D9%82%D9%87-%D8%B3%D9%88%D9%85-%D9%88%D8%A7%D9%82%D8%B9%DB%8C-%DA%86%D8%B3%D8%A8-%D9%85%D8%AA%D8%B1%D9%88-%DA%A9%D9%85%DB%8C%D9%84/ga3lyBdV?tracker_session_id=fa288391-0722-4470-a4b3-6b619e951a84_ga3lyBdV_N
فروش خانه,"۱۱,۰۰۰,۰۰۰,۰۰۰ تومان",,شادمان,https://divar.ir/v/%D9%81%D8%B1%D9%88%D8%B4-%D8%AE%D8%A7%D9%86%D9%87/ga3hCpHf?tracker_session_id=fa288391-0722-4470-a4b3-6b619e951a84_ga3hCpHf_N
اپارتمان ۴۸ متری / نقلی,"۴,۷۸۰,۰۰۰,۰۰۰ تومان",۴۸,جوادیه,https://divar.ir/v/%D8%A7%D9%BE%D8%A7%D8%B1%D8%AA%D9%85%D8%A7%D9%86-%DB%B4%DB%B8-%D9%85%D8%AA%D8%B1%DB%8C-%D9%86%D9%82%D9%84%DB%8C/gaidyqQL?tracker_session_id=fa288391-0722-4470-a4b3-6b619e951a84_gaidyqQL_N
توجه کنید ب این آگهی مهم.۱۰۴متر زیرهمکف فقط۷۶۰۰,"۷,۶۰۰,۰۰۰,۰۰۰ تومان",۱۰۴,شهمیرزادی,https://divar.ir/v/%D8%AA%D9%88%D8%AC%D9%87-%DA%A9%D9%86%DB%8C%D8%AF-%D8%A8-%D8%A7%DB%8C%D9%86-%D8%A2%DA%AF%D9%87%DB%8C-%D9%85%D9%87%D9%85-%DB%B1%DB%B0%DB%B4%D9%85%D8%AA%D8%B1-%D8%B2%DB%8C%D8%B1%D9%87%D9%85%DA%A9%D9%81-%D9%81%D9%82%D8%B7%DB%B7%DB%B6%DB%B0%DB%B0/gatZgzZy?tracker_session_id=fa288391-0722-4470-a4b3-6b619e951a84_gatZgzZy_N
۴۲متر /غرق نور /خوش نقشه,"۷,۴۰۰,۰۰۰,۰۰۰ تومان",۴۲,دکتر هوشیار,https://divar.ir/v/%DB%B4%DB%B2%D9%85%D8%AA%D8%B1-%D8%BA%D8%B1%D9%82-%D9%86%D9%88%D8%B1-%D8%AE%D9%88%D8%B4-%D9%86%D9%82%D8%B4%D9%87/gakJ7P2j?tracker_session_id=fa288391-0722-4470-a4b3-6b619e951a84_gakJ7P2j_N
۵۵متر*دوخواب*فول باز سازی تاپ لوکیشن,"۷,۵۰۰,۰۰۰,۰۰۰ تومان",۵۵,هاشمی,https://divar.ir/v/%DB%B5%DB%B5%D9%85%D8%AA%D8%B1-%D8%AF%D9%88%D8%AE%D9%88%D8%A7%D8%A8-%D9%81%D9%88%D9%84-%D8%A8%D8%A7%D8%B2-%D8%B3%D8%A7%D8%B2%DB%8C-%D8%AA%D8%A7%D9%BE-%D9%84%D9%88%DA%A9%DB%8C%D8%B4%D9%86/ga3hyyWa?tracker_session_id=fa288391-0722-4470-a4b3-6b619e951a84_ga3hyyWa_N
۸۲ متری، نوساز، غرق نور، نزدیک مترو,"۱۳,۵۰۰,۰۰۰,۰۰۰ تومان",۸۲,بریانک,https://divar.ir/v/%DB%B8%DB%B2-%D9%85%D8%AA%D8%B1%DB%8C-%D9%86%D9%88%D8%B3%D8%A7%D8%B2-%D8%BA%D8%B1%D9%82-%D9%86%D9%88%D8%B1-%D9%86%D8%B2%D8%AF%DB%8C%DA%A9-%D9%85%D8%AA%D8%B1%D9%88/ga3hyy3d?tracker_session_id=fa288391-0722-4470-a4b3-6b619e951a84_ga3hyy3d_N
فروش آپارتمان ۱۹۰ متر ۳خواب دیباجی/مشاعات فعال,"۷۴,۰۰۰,۰۰۰,۰۰۰ تومان",۱۹۰,اختیاریه,https://divar.ir/v/%D9%81%D8%B1%D9%88%D8%B4-%D8%A2%D9%BE%D8%A7%D8%B1%D8%AA%D9%85%D8%A7%D9%86-%DB%B1%DB%B9%DB%B0-%D9%85%D8%AA%D8%B1-%DB%B3%D8%AE%D9%88%D8%A7%D8%A8-%D8%AF%DB%8C%D8%A8%D8%A7%D8%AC%DB%8C-%D9%85%D8%B4%D8%A7%D8%B9%D8%A7%D8%AA-%D9%81%D8%B9%D8%A7%D9%84/ga3hiB4V?tracker_session_id=fa288391-0722-4470-a4b3-6b619e951a84_ga3hiB4V_N
جنت آباد بعثت ۷۵ متر ۲ خواب,"۱۸,۰۰۰,۰۰۰,۰۰۰ تومان",۷۵,جنت‌آباد مرکزی,https://divar.ir/v/%D8%AC%D9%86%D8%AA-%D8%A2%D8%A8%D8%A7%D8%AF-%D8%A8%D8%B9%D8%AB%D8%AA-%DB%B7%DB%B5-%D9%85%D8%AA%D8%B1-%DB%B2-%D8%AE%D9%88%D8%A7%D8%A8/ga3hCnU1?tracker_session_id=fa288391-0722-4470-a4b3-6b619e951a84_ga3hCnU1_N
98متر دو خواب/نما تراورتن/غرق نور /گلستان ها,"۳۴,۰۰۰,۰۰۰,۰۰۰ تومان",98,اباذر,https://divar.ir/v/98%D9%85%D8%AA%D8%B1-%D8%AF%D9%88-%D8%AE%D9%88%D8%A7%D8%A8-%D9%86%D9%85%D8%A7-%D8%AA%D8%B1%D8%A7%D9%88%D8%B1%D8%AA%D9%86-%D8%BA%D8%B1%D9%82-%D9%86%D9%88%D8%B1-%DA%AF%D9%84%D8%B3%D8%AA%D8%A7%D9%86-%D9%87%D8%A7/ga3RyZuJ?tracker_session_id=fa288391-0722-4470-a4b3-6b619e951a84_ga3RyZuJ_N
۷۸ متری /۲ خواب /عروسک,"۱۵,۸۸۰,۰۰۰,۰۰۰ تومان",۷۸,نارمک,https://divar.ir/v/%DB%B7%DB%B8-%D9%85%D8%AA%D8%B1%DB%8C-%DB%B2-%D8%AE%D9%88%D8%A7%D8%A8-%D8%B9%D8%B1%D9%88%D8%B3%DA%A9/ga3hyw7t?tracker_session_id=fa288391-0722-4470-a4b3-6b619e951a84_ga3hyw7t_N
فروش واحد کلید نخورده,"۴۵,۰۰۰,۰۰۰,۰۰۰ تومان",,یوسف‌آباد,https://divar.ir/v/%D9%81%D8%B1%D9%88%D8%B4-%D9%88%D8%A7%D8%AD%D8%AF-%DA%A9%D9%84%DB%8C%D8%AF-%D9%86%D8%AE%D9%88%D8%B1%D8%AF%D9%87/ga3hysIs?tracker_session_id=fa288391-0722-4470-a4b3-6b619e951a84_ga3hysIs_N
۱۰۹ متر دو خواب / برج های آسمان / دو بالکن,"۲۰,۰۰۰,۰۰۰,۰۰۰ تومان",۱۰۹,گلستان (شهرک راه آهن),https://divar.ir/v/%DB%B1%DB%B0%DB%B9-%D9%85%D8%AA%D8%B1-%D8%AF%D9%88-%D8%AE%D9%88%D8%A7%D8%A8-%D8%A8%D8%B1%D8%AC-%D9%87%D8%A7%DB%8C-%D8%A2%D8%B3%D9%85%D8%A7%D9%86-%D8%AF%D9%88-%D8%A8%D8%A7%D9%84%DA%A9%D9%86/ga2tfuQ0?tracker_session_id=fa288391-0722-4470-a4b3-6b619e951a84_ga2tfuQ0_N
آپارتمان 77 متری فروش فوری,"۱۲,۰۰۰,۰۰۰,۰۰۰ تومان",77,هلال احمر,https://divar.ir/v/%D8%A2%D9%BE%D8%A7%D8%B1%D8%AA%D9%85%D8%A7%D9%86-77-%D9%85%D8%AA%D8%B1%DB%8C-%D9%81%D8%B1%D9%88%D8%B4-%D9%81%D9%88%D8%B1%DB%8C/gaXty9DA?tracker_session_id=fa288391-0722-4470-a4b3-6b619e951a84_gaXty9DA_N
۶۰متر/دوخواب/تخلیه آماده سکونت,"۶,۶۰۰,۰۰۰,۰۰۰ تومان",۶۰,جیحون,https://divar.ir/v/%DB%B6%DB%B0%D9%85%D8%AA%D8%B1-%D8%AF%D9%88%D8%AE%D9%88%D8%A7%D8%A8-%D8%AA%D8%AE%D9%84%DB%8C%D9%87-%D8%A2%D9%85%D8%A7%D8%AF%D9%87-%D8%B3%DA%A9%D9%88%D9%86%D8%AA/gaolbf8K?tracker_session_id=fa288391-0722-4470-a4b3-6b619e951a84_gaolbf8K_N
۶۵متر خطی رو به آفتاب ( ۹ ساله ),"۲۲,۲۰۰,۰۰۰,۰۰۰ تومان",۶۵,پونک,https://divar.ir/v/%DB%B6%DB%B5%D9%85%D8%AA%D8%B1-%D8%AE%D8%B7%DB%8C-%D8%B1%D9%88-%D8%A8%D9%87-%D8%A2%D9%81%D8%AA%D8%A7%D8%A8-%DB%B9-%D8%B3%D8%A7%D9%84%D9%87/gaM9afD0?tracker_session_id=fa288391-0722-4470-a4b3-6b619e951a84_gaM9afD0_N
81متر دو خواب خیابان کمیل,"۸,۹۰۰,۰۰۰,۰۰۰ تومان",81,جیحون,https://divar.ir/v/81%D9%85%D8%AA%D8%B1-%D8%AF%D9%88-%D8%AE%D9%88%D8%A7%D8%A8-%D8%AE%DB%8C%D8%A7%D8%A8%D8%A7%D9%86-%DA%A9%D9%85%DB%8C%D9%84/ga3hSfxt?tracker_session_id=fa288391-0722-4470-a4b3-6b619e951a84_ga3hSfxt_N
۹۰ متر ۲ خواب فول ریحانی ۱۳ ساله,"۲۳,۰۰۰,۰۰۰,۰۰۰ تومان",۹۰,شمس‌آباد,https://divar.ir/v/%DB%B9%DB%B0-%D9%85%D8%AA%D8%B1-%DB%B2-%D8%AE%D9%88%D8%A7%D8%A8-%D9%81%D9%88%D9%84-%D8%B1%DB%8C%D8%AD%D8%A7%D9%86%DB%8C-%DB%B1%DB%B3-%D8%B3%D8%A7%D9%84%D9%87/gaU140bN?tracker_session_id=fa288391-0722-4470-a4b3-6b619e951a84_gaU140bN_N
۴۷ متر /سرمایه گذاری/استخر,"۸,۶۰۰,۰۰۰,۰۰۰ تومان",۴۷,استخر,https://divar.ir/v/%DB%B4%DB%B7-%D9%85%D8%AA%D8%B1-%D8%B3%D8%B1%D9%85%D8%A7%DB%8C%D9%87-%DA%AF%D8%B0%D8%A7%D8%B1%DB%8C-%D8%A7%D8%B3%D8%AA%D8%AE%D8%B1/ga3hCjgP?tracker_session_id=fa288391-0722-4470-a4b3-6b619e951a84_ga3hCjgP_N
۹۷ متر ۸ ساله سلیمان خاطر/فول امکانات,"۳۰,۰۰۰,۰۰۰,۰۰۰ تومان",۹۷,سهروردی,https://divar.ir/v/%DB%B9%DB%B7-%D9%85%D8%AA%D8%B1-%DB%B8-%D8%B3%D8%A7%D9%84%D9%87-%D8%B3%D9%84%DB%8C%D9%85%D8%A7%D9%86-%D8%AE%D8%A7%D8%B7%D8%B1-%D9%81%D9%88%D9%84-%D8%A7%D9%85%DA%A9%D8%A7%D9%86%D8%A7%D8%AA/gaw4w5zH?tracker_session_id=fa288391-0722-4470-a4b3-6b619e951a84_gaw4w5zH_N
۱۳۰ متر شهرک نفت غرق در نور,"۴۹,۰۰۰,۰۰۰,۰۰۰ تومان",۱۳۰,مینی‌سیتی (شهرک نفت),https://divar.ir/v/%DB%B1%DB%B3%DB%B0-%D9%85%D8%AA%D8%B1-%D8%B4%D9%87%D8%B1%DA%A9-%D9%86%D9%81%D8%AA-%D8%BA%D8%B1%D9%82-%D8%AF%D8%B1-%D9%86%D9%88%D8%B1/gaoZmaXj?tracker_session_id=fa288391-0722-4470-a4b3-6b619e951a84_gaoZmaXj_N
آپارتمان ۱۵۰ متری ۳ خوابه ۲ پارکینگ سندی,"۴۸,۰۰۰,۰۰۰,۰۰۰ تومان",۱۵۰,صادقیه,https://divar.ir/v/%D8%A2%D9%BE%D8%A7%D8%B1%D8%AA%D9%85%D8%A7%D9%86-%DB%B1%DB%B5%DB%B0-%D9%85%D8%AA%D8%B1%DB%8C-%DB%B3-%D8%AE%D9%88%D8%A7%D8%A8%D9%87-%DB%B2-%D9%BE%D8%A7%D8%B1%DA%A9%DB%8C%D9%86%DA%AF-%D8%B3%D9%86%D8%AF%DB%8C/ga0Voq5A?tracker_session_id=fa288391-0722-4470-a4b3-6b619e951a84_ga0Voq5A_N
۸۰متر پارکینگ غیرمزاحم انباری بالکن/رودباری ارزنده,"۱۵,۱۰۰,۰۰۰,۰۰۰ تومان",۸۰,مدائن,https://divar.ir/v/%DB%B8%DB%B0%D9%85%D8%AA%D8%B1-%D9%BE%D8%A7%D8%B1%DA%A9%DB%8C%D9%86%DA%AF-%D8%BA%DB%8C%D8%B1%D9%85%D8%B2%D8%A7%D8%AD%D9%85-%D8%A7%D9%86%D8%A8%D8%A7%D8%B1%DB%8C-%D8%A8%D8%A7%D9%84%DA%A9%D9%86-%D8%B1%D9%88%D8%AF%D8%A8%D8%A7%D8%B1%DB%8C-%D8%A7%D8%B1%D8%B2%D9%86%D8%AF%D9%87/ga3FChQM?tracker_session_id=fa288391-0722-4470-a4b3-6b619e951a84_ga3FChQM_N
۵۰متر دریاچه چیتگر قراردادمحضری و قدرالسهم,"۱,۰۰۰,۰۰۰,۰۰۰ تومان",۵۰,گلستان (شهرک راه آهن),https://divar.ir/v/%DB%B5%DB%B0%D9%85%D8%AA%D8%B1-%D8%AF%D8%B1%DB%8C%D8%A7%DA%86%D9%87-%DA%86%DB%8C%D8%AA%DA%AF%D8%B1-%D9%82%D8%B1%D8%A7%D8%B1%D8%AF%D8%A7%D8%AF%D9%85%D8%AD%D8%B6%D8%B1%DB%8C-%D9%88-%D9%82%D8%AF%D8%B1%D8%A7%D9%84%D8%B3%D9%87%D9%85/garBxEjx?tracker_session_id=fa288391-0722-4470-a4b3-6b619e951a84_garBxEjx_N
شمال جردن / ۱۴۵ متر ۳خواب / قدرالسهم ارزنده,"۴۱,۰۰۰,۰۰۰,۰۰۰ تومان",۱۴۵,امانیه,https://divar.ir/v/%D8%B4%D9%85%D8%A7%D9%84-%D8%AC%D8%B1%D8%AF%D9%86-%DB%B1%DB%B4%DB%B5-%D9%85%D8%AA%D8%B1-%DB%B3%D8%AE%D9%88%D8%A7%D8%A8-%D9%82%D8%AF%D8%B1%D8%A7%D9%84%D8%B3%D9%87%D9%85-%D8%A7%D8%B1%D8%B2%D9%86%D8%AF%D9%87/gapUhG_1?tracker_session_id=fa288391-0722-4470-a4b3-6b619e951a84_gapUhG_1_N
۶۸متر ۲خواب* فول‌بازسازی *سالن‌پرده‌خور فروشنده,"۱۵,۵۰۰,۰۰۰,۰۰۰ تومان",۶۸,تهرانپارس غربی,https://divar.ir/v/%DB%B6%DB%B8%D9%85%D8%AA%D8%B1-%DB%B2%D8%AE%D9%88%D8%A7%D8%A8-%D9%81%D9%88%D9%84-%D8%A8%D8%A7%D8%B2%D8%B3%D8%A7%D8%B2%DB%8C-%D8%B3%D8%A7%D9%84%D9%86-%D9%BE%D8%B1%D8%AF%D9%87-%D8%AE%D9%88%D8%B1-%D9%81%D8%B1%D9%88%D8%B4%D9%86%D8%AF%D9%87/ga3hSbV0?tracker_session_id=fa288391-0722-4470-a4b3-6b619e951a84_ga3hSbV0_N
فردوس ۴۸ متر فول رو به افتاب زیر قیمت منطقه,"۱۲,۸۰۰,۰۰۰,۰۰۰ تومان",۴۸,سازمان برنامه جنوبی,https://divar.ir/v/%D9%81%D8%B1%D8%AF%D9%88%D8%B3-%DB%B4%DB%B8-%D9%85%D8%AA%D8%B1-%D9%81%D9%88%D9%84-%D8%B1%D9%88-%D8%A8%D9%87-%D8%A7%D9%81%D8%AA%D8%A7%D8%A8-%D8%B2%DB%8C%D8%B1-%D9%82%DB%8C%D9%85%D8%AA-%D9%85%D9%86%D8%B7%D9%82%D9%87/ga3dC4pV?tracker_session_id=fa288391-0722-4470-a4b3-6b619e951a84_ga3dC4pV_N
۸۰متر/تکواحدی/تک برگ/پارکینگ سندی/محبوب مجاز غربی,"۸,۷۰۰,۰۰۰,۰۰۰ تومان",۸۰,بریانک,https://divar.ir/v/%DB%B8%DB%B0%D9%85%D8%AA%D8%B1-%D8%AA%DA%A9%D9%88%D8%A7%D8%AD%D8%AF%DB%8C-%D8%AA%DA%A9-%D8%A8%D8%B1%DA%AF-%D9%BE%D8%A7%D8%B1%DA%A9%DB%8C%D9%86%DA%AF-%D8%B3%D9%86%D8%AF%DB%8C-%D9%85%D8%AD%D8%A8%D9%88%D8%A8-%D9%85%D8%AC%D8%A7%D8%B2-%D8%BA%D8%B1%D8%A8%DB%8C/ga3di85Z?tracker_session_id=fa288391-0722-4470-a4b3-6b619e951a84_ga3di85Z_N
۵۹متر/فول امکانات/سرمایه گذاری/بدون پرتی,"۵,۶۰۰,۰۰۰,۰۰۰ تومان",۵۹,عباسی,https://divar.ir/v/%DB%B5%DB%B9%D9%85%D8%AA%D8%B1-%D9%81%D9%88%D9%84-%D8%A7%D9%85%DA%A9%D8%A7%D9%86%D8%A7%D8%AA-%D8%B3%D8%B1%D9%85%D8%A7%DB%8C%D9%87-%DA%AF%D8%B0%D8%A7%D8%B1%DB%8C-%D8%A8%D8%AF%D9%88%D9%86-%D9%BE%D8%B1%D8%AA%DB%8C/ga3hSXN0?tracker_session_id=fa288391-0722-4470-a4b3-6b619e951a84_ga3hSXN0_N
۱۹۰متر/نوساز/سازمان برنامه شمالی/شخصی ساز,"۹۳,۲۰۰,۰۰۰,۰۰۰ تومان",۱۹۰,سازمان برنامه شمالی,https://divar.ir/v/%DB%B1%DB%B9%DB%B0%D9%85%D8%AA%D8%B1-%D9%86%D9%88%D8%B3%D8%A7%D8%B2-%D8%B3%D8%A7%D8%B2%D9%85%D8%A7%D9%86-%D8%A8%D8%B1%D9%86%D8%A7%D9%85%D9%87-%D8%B4%D9%85%D8%A7%D9%84%DB%8C-%D8%B4%D8%AE%D8%B5%DB%8C-%D8%B3%D8%A7%D8%B2/ga3hSMs7?tracker_session_id=fa288391-0722-4470-a4b3-6b619e951a84_ga3hSMs7_N
38متری*دیگه وقتشه با مستاجرنشینی خداحافظی کنی,"۴,۲۵۰,۰۰۰,۰۰۰ تومان",38,شهر زیبا,https://divar.ir/v/38%D9%85%D8%AA%D8%B1%DB%8C-%D8%AF%DB%8C%DA%AF%D9%87-%D9%88%D9%82%D8%AA%D8%B4%D9%87-%D8%A8%D8%A7-%D9%85%D8%B3%D8%AA%D8%A7%D8%AC%D8%B1%D9%86%D8%B4%DB%8C%D9%86%DB%8C-%D8%AE%D8%AF%D8%A7%D8%AD%D8%A7%D9%81%D8%B8%DB%8C-%DA%A9%D9%86%DB%8C/ga3dy2iT?tracker_session_id=fa288391-0722-4470-a4b3-6b619e951a84_ga3dy2iT_N
۷۵متر/دو خواب/ حیاط اختصاصی/خوش نقشه,"۸,۱۰۰,۰۰۰,۰۰۰ تومان",۷۵,سلسبیل شمالی,https://divar.ir/v/%DB%B7%DB%B5%D9%85%D8%AA%D8%B1-%D8%AF%D9%88-%D8%AE%D9%88%D8%A7%D8%A8-%D8%AD%DB%8C%D8%A7%D8%B7-%D8%A7%D8%AE%D8%AA%D8%B5%D8%A7%D8%B5%DB%8C-%D8%AE%D9%88%D8%B4-%D9%86%D9%82%D8%B4%D9%87/gar5W4wC?tracker_session_id=fa288391-0722-4470-a4b3-6b619e951a84_gar5W4wC_N
100متر دو خواب طبقه اول /تهرانپارس شرقی,"۱۶,۰۰۰,۰۰۰,۰۰۰ تومان",100,تهرانپارس شرقی,https://divar.ir/v/100%D9%85%D8%AA%D8%B1-%D8%AF%D9%88-%D8%AE%D9%88%D8%A7%D8%A8-%D8%B7%D8%A8%D9%82%D9%87-%D8%A7%D9%88%D9%84-%D8%AA%D9%87%D8%B1%D8%A7%D9%86%D9%BE%D8%A7%D8%B1%D8%B3-%D8%B4%D8%B1%D9%82%DB%8C/ga3hyMrX?tracker_session_id=fa288391-0722-4470-a4b3-6b619e951a84_ga3hyMrX_N
۳۷ متر / تک خواب / عروسک / دامپزشکی,"۵,۵۰۰,۰۰۰,۰۰۰ تومان",۳۷,سلسبیل شمالی,https://divar.ir/v/%DB%B3%DB%B7-%D9%85%D8%AA%D8%B1-%D8%AA%DA%A9-%D8%AE%D9%88%D8%A7%D8%A8-%D8%B9%D8%B1%D9%88%D8%B3%DA%A9-%D8%AF%D8%A7%D9%85%D9%BE%D8%B2%D8%B4%DA%A9%DB%8C/gaEQ5HBq?tracker_session_id=fa288391-0722-4470-a4b3-6b619e951a84_gaEQ5HBq_N
166 متر 3 خواب * تـک واحدی *,"۶۰,۰۰۰,۰۰۰,۰۰۰ تومان",166,یوسف‌آباد,https://divar.ir/v/166-%D9%85%D8%AA%D8%B1-3-%D8%AE%D9%88%D8%A7%D8%A8-%D8%AA%D9%80%DA%A9-%D9%88%D8%A7%D8%AD%D8%AF%DB%8C/gaCNDHZ_?tracker_session_id=fa288391-0722-4470-a4b3-6b619e951a84_gaCNDHZ__N
۷۰ متر پاسداران بهارستان,"۲۶,۰۰۰,۰۰۰,۰۰۰ تومان",۷۰,پاسداران,https://divar.ir/v/%DB%B7%DB%B0-%D9%85%D8%AA%D8%B1-%D9%BE%D8%A7%D8%B3%D8%AF%D8%A7%D8%B1%D8%A7%D9%86-%D8%A8%D9%87%D8%A7%D8%B1%D8%B3%D8%AA%D8%A7%D9%86/ga1JpbOM?tracker_session_id=fa288391-0722-4470-a4b3-6b619e951a84_ga1JpbOM_N
120اندرزگو برج باغ (110+80موجود),"۵۲,۰۰۰,۰۰۰,۰۰۰ تومان",80,فرمانیه,https://divar.ir/v/120%D8%A7%D9%86%D8%AF%D8%B1%D8%B2%DA%AF%D9%88-%D8%A8%D8%B1%D8%AC-%D8%A8%D8%A7%D8%BA-110-80%D9%85%D9%88%D8%AC%D9%88%D8%AF/ga3dS5MP?tracker_session_id=fa288391-0722-4470-a4b3-6b619e951a84_ga3dS5MP_N
60متر2خواب/طوس/تخلیه,"۱۲,۰۰۰,۰۰۰,۰۰۰ تومان",60,جیحون,https://divar.ir/v/60%D9%85%D8%AA%D8%B12%D8%AE%D9%88%D8%A7%D8%A8-%D8%B7%D9%88%D8%B3-%D8%AA%D8%AE%D9%84%DB%8C%D9%87/ga0VUcMF?tracker_session_id=fa288391-0722-4470-a4b3-6b619e951a84_ga0VUcMF_N
۱۵۵ متر جردن تکواحدی ۳ ساله,"۶۷,۵۰۰,۰۰۰,۰۰۰ تومان",۱۵۵,امانیه,https://divar.ir/v/%DB%B1%DB%B5%DB%B5-%D9%85%D8%AA%D8%B1-%D8%AC%D8%B1%D8%AF%D9%86-%D8%AA%DA%A9%D9%88%D8%A7%D8%AD%D8%AF%DB%8C-%DB%B3-%D8%B3%D8%A7%D9%84%D9%87/gaW1BwKY?tracker_session_id=fa288391-0722-4470-a4b3-6b619e951a84_gaW1BwKY_N
۱۲۰ متر ۲ خواب ارزنده,"۴۰,۰۰۰,۰۰۰,۰۰۰ تومان",۱۲۰,یوسف‌آباد,https://divar.ir/v/%DB%B1%DB%B2%DB%B0-%D9%85%D8%AA%D8%B1-%DB%B2-%D8%AE%D9%88%D8%A7%D8%A8-%D8%A7%D8%B1%D8%B2%D9%86%D8%AF%D9%87/ga3hSJAN?tracker_session_id=fa288391-0722-4470-a4b3-6b619e951a84_ga3hSJAN_N
۲۲۰ متر بلوار ۲۴ متری سعادت آباد پروژه لومن NEXA,"۲۶۴,۰۰۰,۰۰۰,۰۰۰ تومان",۲۲۰,سعادت‌آباد,https://divar.ir/v/%DB%B2%DB%B2%DB%B0-%D9%85%D8%AA%D8%B1-%D8%A8%D9%84%D9%88%D8%A7%D8%B1-%DB%B2%DB%B4-%D9%85%D8%AA%D8%B1%DB%8C-%D8%B3%D8%B9%D8%A7%D8%AF%D8%AA-%D8%A2%D8%A8%D8%A7%D8%AF-%D9%BE%D8%B1%D9%88%DA%98%D9%87-%D9%84%D9%88%D9%85%D9%86-nexa/gapVbKsG?tracker_session_id=fa288391-0722-4470-a4b3-6b619e951a84_gapVbKsG_N
تک واحدی ۹۰متری,"۱۱۶,۶۵۰,۰۰۰,۰۰۰ تومان",۹۰,اقدسیه (شهرری),https://divar.ir/v/%D8%AA%DA%A9-%D9%88%D8%A7%D8%AD%D8%AF%DB%8C-%DB%B9%DB%B0%D9%85%D8%AA%D8%B1%DB%8C/ga3Bysjq?tracker_session_id=fa288391-0722-4470-a4b3-6b619e951a84_ga3Bysjq_N
۵۵متر نوساز سالن‌پرده‌خور استادمعین,"۸,۵۰۰,۰۰۰,۰۰۰ تومان",۵۵,دکتر هوشیار,https://divar.ir/v/%DB%B5%DB%B5%D9%85%D8%AA%D8%B1-%D9%86%D9%88%D8%B3%D8%A7%D8%B2-%D8%B3%D8%A7%D9%84%D9%86-%D9%BE%D8%B1%D8%AF%D9%87-%D8%AE%D9%88%D8%B1-%D8%A7%D8%B3%D8%AA%D8%A7%D8%AF%D9%85%D8%B9%DB%8C%D9%86/ga3hCDCE?tracker_session_id=fa288391-0722-4470-a4b3-6b619e951a84_ga3hCDCE_N
۸۸مترتکواحدکلیدنخورده کمالی شرقی زیر قیمت کاسبی,"۳۲,۰۰۰,۰۰۰,۰۰۰ تومان",۸۸,پونک,https://divar.ir/v/%DB%B8%DB%B8%D9%85%D8%AA%D8%B1%D8%AA%DA%A9%D9%88%D8%A7%D8%AD%D8%AF%DA%A9%D9%84%DB%8C%D8%AF%D9%86%D8%AE%D9%88%D8%B1%D8%AF%D9%87-%DA%A9%D9%85%D8%A7%D9%84%DB%8C-%D8%B4%D8%B1%D9%82%DB%8C-%D8%B2%DB%8C%D8%B1-%D9%82%DB%8C%D9%85%D8%AA-%DA%A9%D8%A7%D8%B3%D8%A8%DB%8C/ga2l8rKT?tracker_session_id=fa288391-0722-4470-a4b3-6b619e951a84_ga2l8rKT_N
۱۱۷ متر . ۲ خوابه . دو پارکینگ,"۳۵,۰۰۰,۰۰۰,۰۰۰ تومان",۱۱۷,ستارخان,https://divar.ir/v/%DB%B1%DB%B1%DB%B7-%D9%85%D8%AA%D8%B1-%DB%B2-%D8%AE%D9%88%D8%A7%D8%A8%D9%87-%D8%AF%D9%88-%D9%BE%D8%A7%D8%B1%DA%A9%DB%8C%D9%86%DA%AF/ga3dC-26?tracker_session_id=fa288391-0722-4470-a4b3-6b619e951a84_ga3dC-26_N
۷۲ متر دوخواب خطی روبه آفتاب,"۱۲,۰۰۰,۰۰۰,۰۰۰ تومان",۷۲,جنت‌آباد مرکزی,https://divar.ir/v/%DB%B7%DB%B2-%D9%85%D8%AA%D8%B1-%D8%AF%D9%88%D8%AE%D9%88%D8%A7%D8%A8-%D8%AE%D8%B7%DB%8C-%D8%B1%D9%88%D8%A8%D9%87-%D8%A2%D9%81%D8%AA%D8%A7%D8%A8/ga3hiCip?tracker_session_id=fa288391-0722-4470-a4b3-6b619e951a84_ga3hiCip_N
۳۲۵ متر تکواحدی/پاسداران/بهستان,"۱۵۸,۰۰۰,۰۰۰,۰۰۰ تومان",۳۲۵,دروس,https://divar.ir/v/%DB%B3%DB%B2%DB%B5-%D9%85%D8%AA%D8%B1-%D8%AA%DA%A9%D9%88%D8%A7%D8%AD%D8%AF%DB%8C-%D9%BE%D8%A7%D8%B3%D8%AF%D8%A7%D8%B1%D8%A7%D9%86-%D8%A8%D9%87%D8%B3%D8%AA%D8%A7%D9%86/gacxoEEq?tracker_session_id=fa288391-0722-4470-a4b3-6b619e951a84_gacxoEEq_N
جردن ۱۴۵ متر تندیس,"۴۱,۰۰۰,۰۰۰,۰۰۰ تومان",۱۴۵,امانیه,https://divar.ir/v/%D8%AC%D8%B1%D8%AF%D9%86-%DB%B1%DB%B4%DB%B5-%D9%85%D8%AA%D8%B1-%D8%AA%D9%86%D8%AF%DB%8C%D8%B3/gakhLy7V?tracker_session_id=fa288391-0722-4470-a4b3-6b619e951a84_gakhLy7V_N
۶۵متر فول امکانات فول بازسازی شده عروسک,"۶,۵۰۰,۰۰۰,۰۰۰ تومان",۶۵,زمزم,https://divar.ir/v/%DB%B6%DB%B5%D9%85%D8%AA%D8%B1-%D9%81%D9%88%D9%84-%D8%A7%D9%85%DA%A9%D8%A7%D9%86%D8%A7%D8%AA-%D9%81%D9%88%D9%84-%D8%A8%D8%A7%D8%B2%D8%B3%D8%A7%D8%B2%DB%8C-%D8%B4%D8%AF%D9%87-%D8%B9%D8%B1%D9%88%D8%B3%DA%A9/ga3diweU?tracker_session_id=fa288391-0722-4470-a4b3-6b619e951a84_ga3diweU_N
۱۰۰ متر 2 خواب فول پرده خور/معاوضه با ۳ خواب/ هجرت,"۳۲,۰۰۰,۰۰۰,۰۰۰ تومان",۱۰۰,باغ فیض,https://divar.ir/v/%DB%B1%DB%B0%DB%B0-%D9%85%D8%AA%D8%B1-2-%D8%AE%D9%88%D8%A7%D8%A8-%D9%81%D9%88%D9%84-%D9%BE%D8%B1%D8%AF%D9%87-%D8%AE%D9%88%D8%B1-%D9%85%D8%B9%D8%A7%D9%88%D8%B6%D9%87-%D8%A8%D8%A7-%DB%B3-%D8%AE%D9%88%D8%A7%D8%A8-%D9%87%D8%AC%D8%B1%D8%AA/ga3diwus?tracker_session_id=fa288391-0722-4470-a4b3-6b619e951a84_ga3diwus_N
۶۹ متر ۲ خواب بانورگیر,"۷,۴۰۰,۰۰۰,۰۰۰ تومان",۶۹,طیب,https://divar.ir/v/%DB%B6%DB%B9-%D9%85%D8%AA%D8%B1-%DB%B2-%D8%AE%D9%88%D8%A7%D8%A8-%D8%A8%D8%A7%D9%86%D9%88%D8%B1%DA%AF%DB%8C%D8%B1/garJ2LN1?tracker_session_id=fa288391-0722-4470-a4b3-6b619e951a84_garJ2LN1_N
56متر/تکواحدی /دونبش,"۱۱,۱۰۰,۰۰۰,۰۰۰ تومان",56,نارمک جنوبی,https://divar.ir/v/56%D9%85%D8%AA%D8%B1-%D8%AA%DA%A9%D9%88%D8%A7%D8%AD%D8%AF%DB%8C-%D8%AF%D9%88%D9%86%D8%A8%D8%B4/ga3dy5R_?tracker_session_id=fa288391-0722-4470-a4b3-6b619e951a84_ga3dy5R__N
هروی / ۲۰۰ متر سه خواب / نوساز / کلید نخورده,"۹۸,۰۰۰,۰۰۰,۰۰۰ تومان",۲۰۰,هروی,https://divar.ir/v/%D9%87%D8%B1%D9%88%DB%8C-%DB%B2%DB%B0%DB%B0-%D9%85%D8%AA%D8%B1-%D8%B3%D9%87-%D8%AE%D9%88%D8%A7%D8%A8-%D9%86%D9%88%D8%B3%D8%A7%D8%B2-%DA%A9%D9%84%DB%8C%D8%AF-%D9%86%D8%AE%D9%88%D8%B1%D8%AF%D9%87/gaDhYqNi?tracker_session_id=fa288391-0722-4470-a4b3-6b619e951a84_gaDhYqNi_N
۷۰متر /تک خواب / شمس اباد /فروشنده قطعی,"۱۶,۰۰۰,۰۰۰,۰۰۰ تومان",۷۰,شمس‌آباد,https://divar.ir/v/%DB%B7%DB%B0%D9%85%D8%AA%D8%B1-%D8%AA%DA%A9-%D8%AE%D9%88%D8%A7%D8%A8-%D8%B4%D9%85%D8%B3-%D8%A7%D8%A8%D8%A7%D8%AF-%D9%81%D8%B1%D9%88%D8%B4%D9%86%D8%AF%D9%87-%D9%82%D8%B7%D8%B9%DB%8C/ga1Fbi-V?tracker_session_id=fa288391-0722-4470-a4b3-6b619e951a84_ga1Fbi-V_N
۲۰۰متر۳خ۲پارکینگ باکس روف گاردن لابی مجلل,"۱۱۳,۰۰۰,۰۰۰,۰۰۰ تومان",۲۰۰,فرمانیه,https://divar.ir/v/%DB%B2%DB%B0%DB%B0%D9%85%D8%AA%D8%B1%DB%B3%D8%AE%DB%B2%D9%BE%D8%A7%D8%B1%DA%A9%DB%8C%D9%86%DA%AF-%D8%A8%D8%A7%DA%A9%D8%B3-%D8%B1%D9%88%D9%81-%DA%AF%D8%A7%D8%B1%D8%AF%D9%86-%D9%84%D8%A7%D8%A8%DB%8C-%D9%85%D8%AC%D9%84%D9%84/ga31wl3h?tracker_session_id=fa288391-0722-4470-a4b3-6b619e951a84_ga31wl3h_N
۴۲متر / کلید نخورده/ تک واحدی,"۸,۴۵۰,۰۰۰,۰۰۰ تومان",۴۲,دکتر هوشیار,https://divar.ir/v/%DB%B4%DB%B2%D9%85%D8%AA%D8%B1-%DA%A9%D9%84%DB%8C%D8%AF-%D9%86%D8%AE%D9%88%D8%B1%D8%AF%D9%87-%D8%AA%DA%A9-%D9%88%D8%A7%D8%AD%D8%AF%DB%8C/gapl_L7y?tracker_session_id=fa288391-0722-4470-a4b3-6b619e951a84_gapl_L7y_N
۵۸متر تکخوابه فول امکانات/اولین تقاطع بلوار پروین,"۱۳,۰۰۰,۰۰۰,۰۰۰ تومان",۵۸,تهرانپارس شرقی,https://divar.ir/v/%DB%B5%DB%B8%D9%85%D8%AA%D8%B1-%D8%AA%DA%A9%D8%AE%D9%88%D8%A7%D8%A8%D9%87-%D9%81%D9%88%D9%84-%D8%A7%D9%85%DA%A9%D8%A7%D9%86%D8%A7%D8%AA-%D8%A7%D9%88%D9%84%DB%8C%D9%86-%D8%AA%D9%82%D8%A7%D8%B7%D8%B9-%D8%A8%D9%84%D9%88%D8%A7%D8%B1-%D9%BE%D8%B1%D9%88%DB%8C%D9%86/ga3diqAi?tracker_session_id=fa288391-0722-4470-a4b3-6b619e951a84_ga3diqAi_N
۱۵۰ متر ۳ خواب با ۱۰۲ متر قدرالسهم ریحانی شمالی,"۳۸,۰۰۰,۰۰۰,۰۰۰ تومان",۱۵۰,هروی,https://divar.ir/v/%DB%B1%DB%B5%DB%B0-%D9%85%D8%AA%D8%B1-%DB%B3-%D8%AE%D9%88%D8%A7%D8%A8-%D8%A8%D8%A7-%DB%B1%DB%B0%DB%B2-%D9%85%D8%AA%D8%B1-%D9%82%D8%AF%D8%B1%D8%A7%D9%84%D8%B3%D9%87%D9%85-%D8%B1%DB%8C%D8%AD%D8%A7%D9%86%DB%8C-%D8%B4%D9%85%D8%A7%D9%84%DB%8C/ganhxAAz?tracker_session_id=fa288391-0722-4470-a4b3-6b619e951a84_ganhxAAz_N
96متری / تکواحدی / سرمایه گذاری و سکونت,"۸,۶۵۰,۰۰۰,۰۰۰ تومان",96,هلال احمر,https://divar.ir/v/96%D9%85%D8%AA%D8%B1%DB%8C-%D8%AA%DA%A9%D9%88%D8%A7%D8%AD%D8%AF%DB%8C-%D8%B3%D8%B1%D9%85%D8%A7%DB%8C%D9%87-%DA%AF%D8%B0%D8%A7%D8%B1%DB%8C-%D9%88-%D8%B3%DA%A9%D9%88%D9%86%D8%AA/ga3VCt2O?tracker_session_id=fa288391-0722-4470-a4b3-6b619e951a84_ga3VCt2O_N
137 متر 3 خواب لوکس با مشاعات کامل,"۵۵,۹۰۰,۰۰۰,۰۰۰ تومان",137,ازگل,https://divar.ir/v/137-%D9%85%D8%AA%D8%B1-3-%D8%AE%D9%88%D8%A7%D8%A8-%D9%84%D9%88%DA%A9%D8%B3-%D8%A8%D8%A7-%D9%85%D8%B4%D8%A7%D8%B9%D8%A7%D8%AA-%DA%A9%D8%A7%D9%85%D9%84/ganZQAZa?tracker_session_id=fa288391-0722-4470-a4b3-6b619e951a84_ganZQAZa_N
فروش اپارتمان/تک واحدی/دوخواب/پارکینگ/انباری,"۷,۳۰۰,۰۰۰,۰۰۰ تومان",,یافت آباد جنوبی,https://divar.ir/v/%D9%81%D8%B1%D9%88%D8%B4-%D8%A7%D9%BE%D8%A7%D8%B1%D8%AA%D9%85%D8%A7%D9%86-%D8%AA%DA%A9-%D9%88%D8%A7%D8%AD%D8%AF%DB%8C-%D8%AF%D9%88%D8%AE%D9%88%D8%A7%D8%A8-%D9%BE%D8%A7%D8%B1%DA%A9%DB%8C%D9%86%DA%AF-%D8%A7%D9%86%D8%A8%D8%A7%D8%B1%DB%8C/gawFqSEO?tracker_session_id=fa288391-0722-4470-a4b3-6b619e951a84_gawFqSEO_N
۱۲۰متر ۳خواب ۲پارکینگ نوسازکلید نخورده/سعادت آباد,"۵۹,۵۰۰,۰۰۰,۰۰۰ تومان",۱۲۰,آسمان,https://divar.ir/v/%DB%B1%DB%B2%DB%B0%D9%85%D8%AA%D8%B1-%DB%B3%D8%AE%D9%88%D8%A7%D8%A8-%DB%B2%D9%BE%D8%A7%D8%B1%DA%A9%DB%8C%D9%86%DA%AF-%D9%86%D9%88%D8%B3%D8%A7%D8%B2%DA%A9%D9%84%DB%8C%D8%AF-%D9%86%D8%AE%D9%88%D8%B1%D8%AF%D9%87-%D8%B3%D8%B9%D8%A7%D8%AF%D8%AA-%D8%A2%D8%A8%D8%A7%D8%AF/ga3diQTq?tracker_session_id=fa288391-0722-4470-a4b3-6b619e951a84_ga3diQTq_N
۸۷ متر دو خواب فول,"۱۶,۶۵۰,۰۰۰,۰۰۰ تومان",۸۷,امامت,https://divar.ir/v/%DB%B8%DB%B7-%D9%85%D8%AA%D8%B1-%D8%AF%D9%88-%D8%AE%D9%88%D8%A7%D8%A8-%D9%81%D9%88%D9%84/ga3dSAGc?tracker_session_id=fa288391-0722-4470-a4b3-6b619e951a84_ga3dSAGc_N
کسب سودازسرمایه راکد /سلسبیل شمالی,"۵,۵۰۰,۰۰۰,۰۰۰ تومان",,سلسبیل شمالی,https://divar.ir/v/%DA%A9%D8%B3%D8%A8-%D8%B3%D9%88%D8%AF%D8%A7%D8%B2%D8%B3%D8%B1%D9%85%D8%A7%DB%8C%D9%87-%D8%B1%D8%A7%DA%A9%D8%AF-%D8%B3%D9%84%D8%B3%D8%A8%DB%8C%D9%84-%D8%B4%D9%85%D8%A7%D9%84%DB%8C/gacN6Y8E?tracker_session_id=fa288391-0722-4470-a4b3-6b619e951a84_gacN6Y8E_N
۱۱۸متر *۳خواب*نقشه بینظیر/سالن‌پرده‌خور دوم سوم,"۳۱,۳۰۰,۰۰۰,۰۰۰ تومان",۱۱۸,تهرانپارس غربی,https://divar.ir/v/%DB%B1%DB%B1%DB%B8%D9%85%D8%AA%D8%B1-%DB%B3%D8%AE%D9%88%D8%A7%D8%A8-%D9%86%D9%82%D8%B4%D9%87-%D8%A8%DB%8C%D9%86%D8%B8%DB%8C%D8%B1-%D8%B3%D8%A7%D9%84%D9%86-%D9%BE%D8%B1%D8%AF%D9%87-%D8%AE%D9%88%D8%B1-%D8%AF%D9%88%D9%85-%D8%B3%D9%88%D9%85/galRcBnY?tracker_session_id=fa288391-0722-4470-a4b3-6b619e951a84_galRcBnY_N
۷۰ متر / کم واحد / سردار جنگل,"۱۴,۲۰۰,۰۰۰,۰۰۰ تومان",۷۰,المهدی,https://divar.ir/v/%DB%B7%DB%B0-%D9%85%D8%AA%D8%B1-%DA%A9%D9%85-%D9%88%D8%A7%D8%AD%D8%AF-%D8%B3%D8%B1%D8%AF%D8%A7%D8%B1-%D8%AC%D9%86%DA%AF%D9%84/ga0BFKHK?tracker_session_id=fa288391-0722-4470-a4b3-6b619e951a84_ga0BFKHK_N
170 متر +۵۵ متر تراس تکواحدی فردوس شرق بدون ضعف,"۴۷,۰۰۰,۰۰۰,۰۰۰ تومان",170,فردوس,https://divar.ir/v/170-%D9%85%D8%AA%D8%B1-%DB%B5%DB%B5-%D9%85%D8%AA%D8%B1-%D8%AA%D8%B1%D8%A7%D8%B3-%D8%AA%DA%A9%D9%88%D8%A7%D8%AD%D8%AF%DB%8C-%D9%81%D8%B1%D8%AF%D9%88%D8%B3-%D8%B4%D8%B1%D9%82-%D8%A8%D8%AF%D9%88%D9%86-%D8%B6%D8%B9%D9%81/ga3dCS_d?tracker_session_id=fa288391-0722-4470-a4b3-6b619e951a84_ga3dCS_d_N
